#
# A fatal error has been detected by the Java Runtime Environment:
#
#  SIGSEGV (0xb) at pc=0x000000012045d2fc, pid=5281, tid=51495
#
# JRE version: OpenJDK Runtime Environment Temurin-17.0.8+7 (17.0.8+7) (build 17.0.8+7)
# Java VM: OpenJDK 64-Bit Server VM Temurin-17.0.8+7 (17.0.8+7, mixed mode, tiered, compressed oops, compressed class ptrs, g1 gc, bsd-aarch64)
# Problematic frame:
# C  [AppleMetalOpenGLRenderer+0x312fc]  gldBlitFramebufferData+0xbc
#
# No core dump will be written. Core dumps have been disabled. To enable core dumping, try "ulimit -c unlimited" before starting Java again
#
# If you would like to submit a bug report, please visit:
#   https://github.com/adoptium/adoptium-support/issues
# The crash happened outside the Java Virtual Machine in native code.
# See problematic frame for where to report the bug.
#

---------------  S U M M A R Y ------------

Command Line: -Xss1M -Djava.library.path=/Users/noalev/Documents/curseforge/minecraft/Install/natives/forge-47.4.10 -Djna.tmpdir=/Users/noalev/Documents/curseforge/minecraft/Install/natives/forge-47.4.10 -Dorg.lwjgl.system.SharedLibraryExtractPath=/Users/noalev/Documents/curseforge/minecraft/Install/natives/forge-47.4.10 -Dio.netty.native.workdir=/Users/noalev/Documents/curseforge/minecraft/Install/natives/forge-47.4.10 -Dminecraft.launcher.brand=CurseForge -Dminecraft.launcher.version=1.321.1.39714 -Djava.net.preferIPv6Addresses=system -DignoreList=bootstraplauncher,securejarhandler,asm-commons,asm-util,asm-analysis,asm-tree,asm,JarJarFileSystems,client-extra,fmlcore,javafmllanguage,lowcodelanguage,mclanguage,forge-,forge-47.4.10.jar,forge-47.4.10 -DmergeModules=jna-5.10.0.jar,jna-platform-5.10.0.jar -DlibraryDirectory=/Users/noalev/Documents/curseforge/minecraft/Install/libraries --module-path=/Users/noalev/Documents/curseforge/minecraft/Install/libraries/cpw/mods/bootstraplauncher/1.1.2/bootstraplauncher-1.1.2.jar:/Users/noalev/Documents/curseforge/minecraft/Install/libraries/cpw/mods/securejarhandler/2.1.10/securejarhandler-2.1.10.jar:/Users/noalev/Documents/curseforge/minecraft/Install/libraries/org/ow2/asm/asm-commons/9.8/asm-commons-9.8.jar:/Users/noalev/Documents/curseforge/minecraft/Install/libraries/org/ow2/asm/asm-util/9.8/asm-util-9.8.jar:/Users/noalev/Documents/curseforge/minecraft/Install/libraries/org/ow2/asm/asm-analysis/9.8/asm-analysis-9.8.jar:/Users/noalev/Documents/curseforge/minecraft/Install/libraries/org/ow2/asm/asm-tree/9.8/asm-tree-9.8.jar:/Users/noalev/Documents/curseforge/minecraft/Install/libraries/org/ow2/asm/asm/9.8/asm-9.8.jar:/Users/noalev/Documents/curseforge/minecraft/Install/libraries/net/minecraftforge/JarJarFileSystems/0.3.19/JarJarFileSystems-0.3.19.jar --add-modules=ALL-MODULE-PATH --add-opens=java.base/java.util.jar=cpw.mods.securejarhandler --add-opens=java.base/java.lang.invoke=cpw.mods.securejarhandler --add-exports=java.base/sun.security.util=cpw.mods.securejarhandler --add-exports=jdk.naming.dns/com.sun.jndi.dns=java.naming -Xmx7040m -Xms256m -Dfml.ignorePatchDiscrepancies=true -Dfml.ignoreInvalidMinecraftCertificates=true -DlibraryDirectory=/Users/noalev/Documents/curseforge/minecraft/Install/libraries -Duser.language=en -DCFInstanceId=4e5d9d01-2855-48fd-a8c1-a9d617210f80 -Dlog4j.configurationFile=/Users/noalev/Documents/curseforge/minecraft/Install/assets/log_configs/client-1.12.xml cpw.mods.bootstraplauncher.BootstrapLauncher --username soldierdonkey --version forge-47.4.10 --gameDir /Users/noalev/Documents/curseforge/minecraft/Instances/Winterheart/ --assetsDir /Users/noalev/Documents/curseforge/minecraft/Install/assets --assetIndex 5 --uuid f3ab27d11800461c87762835eeaae4ab --accessToken eyJraWQiOiIwNDkxODEiLCJhbGciOiJSUzI1NiJ9.eyJ4dWlkIjoiMjUzNTQ1ODgxNDcyMTAyMyIsImFnZyI6IkFkdWx0Iiwic3ViIjoiY2Q5ZGQxZTYtOWViZC00ZWJmLTgwMmItM2Q1NTJhNTA2Yzc2IiwiYXV0aCI6IlhCT1giLCJwZmlkIjoiOUYwRkFFQzhGNzM1RjdGQSIsIm5zIjoiZGVmYXVsdCIsInJvbGVzIjpbXSwiaXNzIjoiYXV0aGVudGljYXRpb24iLCJmbGFncyI6WyJtdWx0aXBsYXllciJdLCJwcm9maWxlcyI6eyJtYyI6ImYzYWIyN2QxLTE4MDAtNDYxYy04Nzc2LTI4MzVlZWFhZTRhYiJ9LCJtaWQiOiI5RjBGQUVDOEY3MzVGN0ZBIiwicG1pZCI6ImE4NTIyMjE0LWI4YTktNTBjZi1hNjE4LTNlNmE5ZTUwOWZjNCIsInBsYXRmb3JtIjoiUENfTEFVTkNIRVIiLCJ0aWQiOiJFOTlCMCIsInBmZCI6W3sidHlwZSI6Im1jIiwiaWQiOiJmM2FiMjdkMS0xODAwLTQ2MWMtODc3Ni0yODM1ZWVhYWU0YWIiLCJuYW1lIjoic29sZGllcmRvbmtleSJ9XSwieGlkIjoiMjUzNTQ1ODgxNDcyMTAyMyIsIm5iZiI6MTc5MDQ1MDE3OSwiZXhwIjoxNzkwNTM2NTc5LCJpYXQiOjE3OTA0NTAxNzksImFpZCI6ImQ1YjJlMDc5LTJjMmMtNGFkZS05ZGFiLTFjMWViMjA0MTYyYSJ9.GRDUWv40TtU6CHMajL-4oOJHJMwfLVvaeNCsYJ_Nk2ntMSluns--YPPpTjtpMQRY5mx6Z3rlU2i6kqLccX2eA_X0OJCLIJXHyEl7VM-hKF-9ol4PELH3caZFycWyswIB-nuFt4-t4siOOJ25HVX8X9MKmbaOrYJSlHC-NPZS0DiWhFmBQPPTwgB1fTEbSFEefCh5QDlbBFNDbvolkWTkrHZG8RWSskLJcLH6-H2xw2c36Tw0MtxBFYuT5kzpEU0-JRhWjIW08IM_-fQlDc-r6fG3qrIFI-2l6QJz66WkCFJCW8nECIpkOxiy5QnfKWdJnDE1p6e9h7BNyw5epCdPeQ --clientId ce5e85-433f01-c5e153-13c0ea-40e8c8 --xuid 2535458814721023 --userType msa --versionType release --width 1024 --height 768 --quickPlayPath /Users/noalev/Documents/curseforge/minecraft/Quickplay/4e5d9d01-2855-48fd-a8c1-a9d617210f80.json    --launchTarget forgeclient --fml.forgeVersion 47.4.10 --fml.mcVersion 1.20.1 --fml.forgeGroup net.minecraftforge --fml.mcpVersion 20230612.114412

Host: "Mac15,12" arm64, 8 cores, 16G, Darwin 25.6.0, macOS 26.6.2 (25G83)
Time: Sat Sep 26 13:42:57 2026 PDT elapsed time: 26.092233 seconds (0d 0h 0m 26s)

---------------  T H R E A D  ---------------

Current thread (0x000000012424c200):  JavaThread "pool-2-thread-1" daemon [_thread_in_native, id=51495, stack(0x000000016e234000,0x000000016e337000)]

Stack: [0x000000016e234000,0x000000016e337000],  sp=0x000000016e335b80,  free space=1030k
Native frames: (J=compiled Java code, j=interpreted, Vv=VM code, C=native code)
C  [AppleMetalOpenGLRenderer+0x312fc]  gldBlitFramebufferData+0xbc
C  [GLEngine+0xde59c]  gleBlitFramebuffer+0x27c
C  [GLEngine+0x52288]  glBlitFramebufferEXT_Exec+0x848
C  [libGL.dylib+0x49e8]  glBlitFramebuffer+0x50
j  org.lwjgl.opengl.GL30C.glBlitFramebuffer(IIIIIIIIII)V+0 org.lwjgl.opengl@3.3.1+7
j  net.minecraftforge.fml.earlydisplay.EarlyFramebuffer.draw(II)V+242 fmlearlydisplay@1.20.1-47.4.10
J 10211 c1 net.minecraftforge.fml.earlydisplay.DisplayWindow.renderThreadFunc()V fmlearlydisplay@1.20.1-47.4.10 (286 bytes) @ 0x0000000130e3cd70 [0x0000000130e3cac0+0x00000000000002b0]
J 10210 c1 net.minecraftforge.fml.earlydisplay.DisplayWindow$$Lambda$585+0x000000080033b198.run()V fmlearlydisplay@1.20.1-47.4.10 (8 bytes) @ 0x0000000130e3b2c8 [0x0000000130e3b240+0x0000000000000088]
J 10038 c1 java.util.concurrent.Executors$RunnableAdapter.call()Ljava/lang/Object; java.base@17.0.8 (14 bytes) @ 0x0000000130dfd458 [0x0000000130dfd3c0+0x0000000000000098]
J 7105 c1 java.util.concurrent.FutureTask.runAndReset()Z java.base@17.0.8 (125 bytes) @ 0x0000000130008740 [0x0000000130008580+0x00000000000001c0]
J 9999 c1 java.util.concurrent.ScheduledThreadPoolExecutor$ScheduledFutureTask.run()V java.base@17.0.8 (57 bytes) @ 0x0000000130df0c50 [0x0000000130df0b80+0x00000000000000d0]
j  java.util.concurrent.ThreadPoolExecutor.runWorker(Ljava/util/concurrent/ThreadPoolExecutor$Worker;)V+92 java.base@17.0.8
j  java.util.concurrent.ThreadPoolExecutor$Worker.run()V+5 java.base@17.0.8
j  java.lang.Thread.run()V+11 java.base@17.0.8
v  ~StubRoutines::call_stub
V  [libjvm.dylib+0x470ff0]  JavaCalls::call_helper(JavaValue*, methodHandle const&, JavaCallArguments*, JavaThread*)+0x38c
V  [libjvm.dylib+0x47000c]  JavaCalls::call_virtual(JavaValue*, Klass*, Symbol*, Symbol*, JavaCallArguments*, JavaThread*)+0x11c
V  [libjvm.dylib+0x4700d8]  JavaCalls::call_virtual(JavaValue*, Handle, Klass*, Symbol*, Symbol*, JavaThread*)+0x64
V  [libjvm.dylib+0x527bbc]  thread_entry(JavaThread*, JavaThread*)+0xc4
V  [libjvm.dylib+0x9aacf4]  JavaThread::thread_main_inner()+0x150
V  [libjvm.dylib+0x9a9388]  Thread::call_run()+0xe0
V  [libjvm.dylib+0x7c90c4]  thread_native_entry(Thread*)+0x158
C  [libsystem_pthread.dylib+0x6c58]  _pthread_start+0x88

Java frames: (J=compiled Java code, j=interpreted, Vv=VM code)
j  org.lwjgl.opengl.GL30C.glBlitFramebuffer(IIIIIIIIII)V+0 org.lwjgl.opengl@3.3.1+7
j  net.minecraftforge.fml.earlydisplay.EarlyFramebuffer.draw(II)V+242 fmlearlydisplay@1.20.1-47.4.10
J 10211 c1 net.minecraftforge.fml.earlydisplay.DisplayWindow.renderThreadFunc()V fmlearlydisplay@1.20.1-47.4.10 (286 bytes) @ 0x0000000130e3cd70 [0x0000000130e3cac0+0x00000000000002b0]
J 10210 c1 net.minecraftforge.fml.earlydisplay.DisplayWindow$$Lambda$585+0x000000080033b198.run()V fmlearlydisplay@1.20.1-47.4.10 (8 bytes) @ 0x0000000130e3b2c8 [0x0000000130e3b240+0x0000000000000088]
J 10038 c1 java.util.concurrent.Executors$RunnableAdapter.call()Ljava/lang/Object; java.base@17.0.8 (14 bytes) @ 0x0000000130dfd458 [0x0000000130dfd3c0+0x0000000000000098]
J 7105 c1 java.util.concurrent.FutureTask.runAndReset()Z java.base@17.0.8 (125 bytes) @ 0x0000000130008740 [0x0000000130008580+0x00000000000001c0]
J 9999 c1 java.util.concurrent.ScheduledThreadPoolExecutor$ScheduledFutureTask.run()V java.base@17.0.8 (57 bytes) @ 0x0000000130df0c50 [0x0000000130df0b80+0x00000000000000d0]
j  java.util.concurrent.ThreadPoolExecutor.runWorker(Ljava/util/concurrent/ThreadPoolExecutor$Worker;)V+92 java.base@17.0.8
j  java.util.concurrent.ThreadPoolExecutor$Worker.run()V+5 java.base@17.0.8
j  java.lang.Thread.run()V+11 java.base@17.0.8
v  ~StubRoutines::call_stub

siginfo: si_signo: 11 (SIGSEGV), si_code: 2 (SEGV_ACCERR), si_addr: 0x0000000000000028

Register to memory mapping:

 x0=0x00000001280b0000 points into unknown readable memory: 0x00000001204927b8 | b8 27 49 20 01 00 00 00
 x1=0x0 is NULL
 x2=0x0 is NULL
 x3=0x0000000000000356 is an unknown value
 x4=0x00000000000001e0 is an unknown value
 x5=16384 is a compressed pointer to class: 0x0000000800004000
jdk.internal.module.ModuleReferences$$Lambda$23/0x0000000800004000 {0x0000000800004000}
 - instance size:     3
 - klass size:        69
 - access:            final synchronized synthetic 
 - state:             fully_initialized
 - name:              'jdk/internal/module/ModuleReferences$$Lambda$23+0x0000000800004000'
 - super:             'java/lang/Object'
 - sub:               
 - arrays:            NULL
 - methods:           Array<T>(0x0000000160578290)
 - method ordering:   Array<T>(0x0000000160000018)
 - default_methods:   Array<T>(0x0000000000000000)
 - local interfaces:  Array<T>(0x0000000160578260)
 - trans. interfaces: Array<T>(0x0000000160578260)
 - constants:         constant pool [30] {0x0000000160578100} for 'jdk/internal/module/ModuleReferences$$Lambda$23+0x0000000800004000' cache=0x00000001605783d8
 - class loader data:  loader data: 0x0000000121c1a1d0 of 'bootstrap'
 - class annotations:       Array<T>(0x0000000000000000)
 - class type annotations:  Array<T>(0x0000000000000000)
 - field annotations:       Array<T>(0x0000000000000000)
 - field type annotations:  Array<T>(0x0000000000000000)
 - inner classes:     Array<T>(0x0000000160000028)
 - nest members:     Array<T>(0x0000000160000028)
 - permitted subclasses:     Array<T>(0x0000000160000028)
 - java mirror:       a 'java/lang/Class'{0x0000000648829a78} = 'jdk/internal/module/ModuleReferences$$Lambda$23+0x0000000800004000'
 - vtable length      5  (start addr: 0x00000008000041d0)
 - itable length      5 (start addr: 0x00000008000041f8)
 - ---- static fields (0 words):
 - ---- non-static fields (2 words):
 - private final 'arg$1' 'Ljava/nio/file/Path;' @12 
 - private final 'arg$2' 'Ljava/net/URI;' @16 
 - non-static oop maps: 12-16 
 x6=0x0000000000002600 is an unknown value
 x7=0x0 is NULL
 x8=0x0 is NULL
 x9=0x0000000000000356 is an unknown value
x10=0x00000000000001e0 is an unknown value
x11=0x00000000000001e0 is an unknown value
x12=0x000000016e336028 is pointing into the stack for thread: 0x000000012424c200
x13=0x0000000000000001 is an unknown value
x14=0x0 is NULL
x15=0x0000000000002600 is an unknown value
x16=0x000000018b9fd030: __bzero+0 in /usr/lib/system/libsystem_platform.dylib at 0x000000018b9fa000
x17=0x00000002a5afafd8 points into unknown readable memory: 0x000000018b9fd030 | 30 d0 9f 8b 01 00 00 00
x18=0x0 is NULL
x19=0x00000001280b0000 points into unknown readable memory: 0x00000001204927b8 | b8 27 49 20 01 00 00 00
x20=0x000000012013d928 points into unknown readable memory: 0x0000000000000003 | 03 00 00 00 00 00 00 00
x21=0x00000001280da5a8 points into unknown readable memory: 0x0000000000000000 | 00 00 00 00 00 00 00 00
x22=0x0000000000002600 is an unknown value
x23=0x00000001280bac80 points into unknown readable memory: 0x0000000000000000 | 00 00 00 00 00 00 00 00
x24=0x00000000000001e0 is an unknown value
x25=0x0 is NULL
x26=0x0000000000000356 is an unknown value
x27=0x0 is NULL
x28=0x0 is NULL


Registers:
 x0=0x00000001280b0000  x1=0x0000000000000000  x2=0x0000000000000000  x3=0x0000000000000356
 x4=0x00000000000001e0  x5=0x0000000000004000  x6=0x0000000000002600  x7=0x0000000000000000
 x8=0x0000000000000000  x9=0x0000000000000356 x10=0x00000000000001e0 x11=0x00000000000001e0
x12=0x000000016e336028 x13=0x0000000000000001 x14=0x0000000000000000 x15=0x0000000000002600
x16=0x000000018b9fd030 x17=0x00000002a5afafd8 x18=0x0000000000000000 x19=0x00000001280b0000
x20=0x000000012013d928 x21=0x00000001280da5a8 x22=0x0000000000002600 x23=0x00000001280bac80
x24=0x00000000000001e0 x25=0x0000000000000000 x26=0x0000000000000356 x27=0x0000000000000000
x28=0x0000000000000000  fp=0x000000016e335f30  lr=0x0000000231a0a59c  sp=0x000000016e335b80
pc=0x000000012045d2fc cpsr=0x0000000080001000
Top of Stack: (sp=0x000000016e335b80)
0x000000016e335b80:   00000001280b9828 00000001280b9b10
0x000000016e335b90:   0000000000000020 0000000000000001
0x000000016e335ba0:   000000016e335bbf 000000026e335c10
0x000000016e335bb0:   0000000000000040 0000000000000001
0x000000016e335bc0:   000000016e335d40 0000000000000018
0x000000016e335bd0:   00000001280bae28 000000000000000c
0x000000016e335be0:   000000016e335d10 fffffffb280b8ec8
0x000000016e335bf0:   0000000100001405 00000000280b8a10
0x000000016e335c00:   0000000100000000 0000000000000000
0x000000016e335c10:   0000000000000012 0000000100000001
0x000000016e335c20:   00000002280b9424 0000000000000000
0x000000016e335c30:   0000000000000000 00000000280b9420
0x000000016e335c40:   0000000000000000 0000000000000004
0x000000016e335c50:   0000400000001405 0000000000000000
0x000000016e335c60:   0000000000000000 0000000000000005
0x000000016e335c70:   0000000121ceb4b0 0000000000000000
0x000000016e335c80:   0000000000000001 0000000000000000
0x000000016e335c90:   0000000000000000 0000000126620490
0x000000016e335ca0:   0000000000000000 0000000000000000
0x000000016e335cb0:   9eef5e8d00000000 00000004f8433be0
0x000000016e335cc0:   00000001280b9424 0000000000000000
0x000000016e335cd0:   0000000100041425 0000000126620490
0x000000016e335ce0:   0000140500000000 0000000121ceb4b0
0x000000016e335cf0:   00000001280b8420 00000001280bae10
0x000000016e335d00:   00000001f8433be0 00000000c0000000
0x000000016e335d10:   000000012046db0c 0000000120490600
0x000000016e335d20:   00000001280b0000 0000000121ceb4b0
0x000000016e335d30:   0000000000000000 0000000000000000
0x000000016e335d40:   0000000000000000 9eef5e8deab70042
0x000000016e335d50:   0000000000000001 00000001280d05f0
0x000000016e335d60:   0000000000000000 0000001200000000
0x000000016e335d70:   0000000000000004 00000001280d0000 

Instructions: (pc=0x000000012045d2fc)
0x000000012045d1fc:   aa0003f3 f9420008 eb01011f 540000e1
0x000000012045d20c:   52959f88 b8686a68 34000068 aa1303e0
0x000000012045d21c:   97ffcf6f f902027f f9420668 eb14011f
0x000000012045d22c:   54000041 f902067f a9417bfd a8c24ff4
0x000000012045d23c:   d65f0fff d503237f 6db63bef 6d0133ed
0x000000012045d24c:   6d022beb 6d0323e9 a9046ffc a90567fa
0x000000012045d25c:   a9065ff8 a90757f6 a9084ff4 a9097bfd
0x000000012045d26c:   910243fd d10c83ff b90107e7 aa0603f6
0x000000012045d27c:   b900d7e5 4ea31c68 4ea21c4a 4ea11c29
0x000000012045d28c:   4ea01c0b aa0403f8 aa0303fa aa0203f9
0x000000012045d29c:   aa0103fb aa0003f3 f0000188 f9423d08
0x000000012045d2ac:   f9400108 f81583a8 1284bfe8 0b0800c8
0x000000012045d2bc:   7100091f 540000c3 12921728 0b0802c8
0x000000012045d2cc:   7100051f 5400cc08 5284c036 52959008
0x000000012045d2dc:   8b080277 b94107e8 37580068 3947e2e8
0x000000012045d2ec:   3700c7a8 f9420668 f9401514 f9420268
0x000000012045d2fc:   f9401515 aa1303e0 97fffd72 b94107e8
0x000000012045d30c:   37500128 f942c6e9 f942cae8 a90727e8
0x000000012045d31c:   f942cee9 f942d2e8 a90627e8 39496ae8
0x000000012045d32c:   14000007 a9077fff 794166a8 f90037e8
0x000000012045d33c:   79416aa8 f90033e8 52800028 f9420a69
0x000000012045d34c:   f9400129 5295560a b940d7eb 3670012b
0x000000012045d35c:   f9401a6b b40000eb f940116b f942026c
0x000000012045d36c:   eb0c017f 54000061 5280002b 3900e26b
0x000000012045d37c:   8b0a026a f90017ea b94107ea 5308214b
0x000000012045d38c:   b90087eb 5309254a b900efea f9007ff7
0x000000012045d39c:   f90063f4 36203169 f9402269 b4003129
0x000000012045d3ac:   3942da89 340030e9 2a1b0329 350030a9
0x000000012045d3bc:   b94076e9 7100053f 54003041 79416689
0x000000012045d3cc:   6b09035f 54002fe1 79416a89 6b09031f
0x000000012045d3dc:   54002f81 794166a9 6b09035f 54002f21
0x000000012045d3ec:   79416aa9 6b09031f 1a9f17e9 1e202168 


Stack slot to memory mapping:
stack at sp + 0 slots: 0x00000001280b9828 points into unknown readable memory: 0x0000000000000000 | 00 00 00 00 00 00 00 00
stack at sp + 1 slots: 0x00000001280b9b10 points into unknown readable memory: 0x0000000000000000 | 00 00 00 00 00 00 00 00
stack at sp + 2 slots: 0x0000000000000020 is an unknown value
stack at sp + 3 slots: 0x0000000000000001 is an unknown value
stack at sp + 4 slots: 0x000000016e335bbf is pointing into the stack for thread: 0x000000012424c200
stack at sp + 5 slots: 0x000000026e335c10: objc_msgSend$setText:+0x10 in /System/Library/PrivateFrameworks/PhotosUIFoundation.framework/Versions/A/PhotosUIFoundation at 0x000000026e1d9000
stack at sp + 6 slots: 0x0000000000000040 is an unknown value
stack at sp + 7 slots: 0x0000000000000001 is an unknown value


---------------  P R O C E S S  ---------------

Threads class SMR info:
_java_thread_list=0x0000000166b4f4e0, length=17, elements={
0x000000012400d200, 0x0000000123831000, 0x0000000123009800, 0x000000012083e000,
0x0000000120840800, 0x0000000120840e00, 0x0000000120841400, 0x0000000122008c00,
0x0000000121030c00, 0x0000000123008c00, 0x000000012405d200, 0x000000012424c200,
0x0000000120931600, 0x0000000122fb1600, 0x0000000123203a00, 0x0000000123cb7800,
0x0000000121405200
}

Java Threads: ( => current thread )
  0x000000012400d200 JavaThread "main" [_thread_in_Java, id=259, stack(0x000000016abc0000,0x000000016b3bc000)]
  0x0000000123831000 JavaThread "Reference Handler" daemon [_thread_blocked, id=19203, stack(0x000000016c094000,0x000000016c197000)]
  0x0000000123009800 JavaThread "Finalizer" daemon [_thread_blocked, id=18691, stack(0x000000016c1a0000,0x000000016c2a3000)]
  0x000000012083e000 JavaThread "Signal Dispatcher" daemon [_thread_blocked, id=31235, stack(0x000000016c3c4000,0x000000016c4c7000)]
  0x0000000120840800 JavaThread "Service Thread" daemon [_thread_blocked, id=30723, stack(0x000000016c4d0000,0x000000016c5d3000)]
  0x0000000120840e00 JavaThread "Monitor Deflation Thread" daemon [_thread_blocked, id=22787, stack(0x000000016c5dc000,0x000000016c6df000)]
  0x0000000120841400 JavaThread "C2 CompilerThread0" daemon [_thread_in_native, id=23299, stack(0x000000016c6e8000,0x000000016c8eb000)]
  0x0000000122008c00 JavaThread "C1 CompilerThread0" daemon [_thread_blocked, id=23811, stack(0x000000016c8f4000,0x000000016caf7000)]
  0x0000000121030c00 JavaThread "Sweeper thread" daemon [_thread_blocked, id=24067, stack(0x000000016cb00000,0x000000016cc03000)]
  0x0000000123008c00 JavaThread "Common-Cleaner" daemon [_thread_blocked, id=24323, stack(0x000000016cc0c000,0x000000016cd0f000)]
  0x000000012405d200 JavaThread "Notification Thread" daemon [_thread_blocked, id=29699, stack(0x000000016cd18000,0x000000016ce1b000)]
=>0x000000012424c200 JavaThread "pool-2-thread-1" daemon [_thread_in_native, id=51495, stack(0x000000016e234000,0x000000016e337000)]
  0x0000000120931600 JavaThread "pool-3-thread-1" daemon [_thread_in_native, id=78867, stack(0x000000016e340000,0x000000016e443000)]
  0x0000000122fb1600 JavaThread "Thread-0" daemon [_thread_blocked, id=56131, stack(0x000000016e658000,0x000000016e75b000)]
  0x0000000123203a00 JavaThread "process reaper" daemon [_thread_blocked, id=126735, stack(0x000000016c338000,0x000000016c36f000)]
  0x0000000123cb7800 JavaThread "C2 CompilerThread1" daemon [_thread_in_native, id=95027, stack(0x000000016fc04000,0x000000016fe07000)]
  0x0000000121405200 JavaThread "FileSystemWatcher" daemon [_thread_blocked, id=125187, stack(0x000000016fe10000,0x000000016ff13000)]

Other Threads:
  0x0000000110605d50 VMThread "VM Thread" [stack: 0x000000016be88000,0x000000016c08b000] [id=19715]
  0x0000000120724550 WatcherThread [stack: 0x000000016ce24000,0x000000016d027000] [id=29443]
  0x0000000121b11fb0 GCTaskThread "GC Thread#0" [stack: 0x000000016b44c000,0x000000016b64f000] [id=14339]
  0x00000001218369c0 GCTaskThread "GC Thread#1" [stack: 0x000000016d030000,0x000000016d233000] [id=25091]
  0x0000000121b31160 GCTaskThread "GC Thread#2" [stack: 0x000000016d23c000,0x000000016d43f000] [id=25347]
  0x0000000121924fd0 GCTaskThread "GC Thread#3" [stack: 0x000000016d448000,0x000000016d64b000] [id=25603]
  0x0000000121925c20 GCTaskThread "GC Thread#4" [stack: 0x000000016d654000,0x000000016d857000] [id=26115]
  0x00000001219268e0 GCTaskThread "GC Thread#5" [stack: 0x000000016d860000,0x000000016da63000] [id=26371]
  0x0000000110655a10 GCTaskThread "GC Thread#6" [stack: 0x000000016da6c000,0x000000016dc6f000] [id=32291]
  0x0000000110656010 GCTaskThread "GC Thread#7" [stack: 0x000000016dc78000,0x000000016de7b000] [id=26883]
  0x0000000121b12df0 ConcurrentGCThread "G1 Main Marker" [stack: 0x000000016b658000,0x000000016b85b000] [id=12035]
  0x0000000121b13a30 ConcurrentGCThread "G1 Conc#0" [stack: 0x000000016b864000,0x000000016ba67000] [id=12803]
  0x0000000121967830 ConcurrentGCThread "G1 Conc#1" [stack: 0x000000016de84000,0x000000016e087000] [id=27907]
  0x0000000121c15eb0 ConcurrentGCThread "G1 Refine#0" [stack: 0x000000016ba70000,0x000000016bc73000] [id=13571]
  0x0000000127e442d0 ConcurrentGCThread "G1 Refine#1" [stack: 0x000000016e44c000,0x000000016e64f000] [id=96035]
  0x0000000121c16be0 ConcurrentGCThread "G1 Service" [stack: 0x000000016bc7c000,0x000000016be7f000] [id=21507]

Threads with active compile tasks:
C2 CompilerThread0    26233 11199       4       org.objectweb.asm.ClassReader::readElementValue (1237 bytes)
C2 CompilerThread1    26233 11798       4       org.spongepowered.asm.mixin.transformer.ClassInfo$Method::gatherFrames (81 bytes)

VM state: not at safepoint (normal execution)

VM Mutex/Monitor currently owned by a thread: None

Heap address: 0x0000000648000000, size: 7040 MB, Compressed Oops mode: Zero based, Oop shift amount: 3

CDS archive(s) not mapped
Compressed class space mapped at: 0x0000000800000000-0x0000000840000000, reserved size: 1073741824
Narrow klass base: 0x0000000800000000, Narrow klass shift: 0, Narrow klass range: 0x40000000

GC Precious Log:
 CPUs: 8 total, 8 available
 Memory: 16384M
 Large Page Support: Disabled
 NUMA Support: Disabled
 Compressed Oops: Enabled (Zero based)
 Heap Region Size: 4M
 Heap Min Capacity: 256M
 Heap Initial Capacity: 256M
 Heap Max Capacity: 7040M
 Pre-touch: Disabled
 Parallel Workers: 8
 Concurrent Workers: 2
 Concurrent Refinement Workers: 8
 Periodic GC: Disabled

Heap:
 garbage-first heap   total 1085440K, used 710637K [0x0000000648000000, 0x0000000800000000)
  region size 4096K, 118 young (483328K), 13 survivors (53248K)
 Metaspace       used 45555K, committed 46848K, reserved 1114112K
  class space    used 5463K, committed 6016K, reserved 1048576K

Heap Regions: E=young(eden), S=young(survivor), O=old, HS=humongous(starts), HC=humongous(continues), CS=collection set, F=free, OA=open archive, CA=closed archive, TAMS=top-at-mark-start (previous, next)
|   0|0x0000000648000000, 0x0000000648400000, 0x0000000648400000|100%| O|  |TAMS 0x0000000648400000, 0x0000000648000000| Untracked 
|   1|0x0000000648400000, 0x0000000648800000, 0x0000000648800000|100%| O|  |TAMS 0x0000000648800000, 0x0000000648400000| Untracked 
|   2|0x0000000648800000, 0x0000000648c00000, 0x0000000648c00000|100%| O|  |TAMS 0x0000000648c00000, 0x0000000648800000| Untracked 
|   3|0x0000000648c00000, 0x0000000649000000, 0x0000000649000000|100%| O|  |TAMS 0x0000000649000000, 0x0000000648c00000| Untracked 
|   4|0x0000000649000000, 0x0000000649400000, 0x0000000649400000|100%| O|  |TAMS 0x0000000649400000, 0x0000000649000000| Untracked 
|   5|0x0000000649400000, 0x0000000649800000, 0x0000000649800000|100%|HS|  |TAMS 0x0000000649800000, 0x0000000649400000| Complete 
|   6|0x0000000649800000, 0x0000000649c00000, 0x0000000649c00000|100%| O|  |TAMS 0x0000000649c00000, 0x0000000649800000| Untracked 
|   7|0x0000000649c00000, 0x000000064a000000, 0x000000064a000000|100%| O|  |TAMS 0x000000064a000000, 0x0000000649c00000| Untracked 
|   8|0x000000064a000000, 0x000000064a400000, 0x000000064a400000|100%| O|  |TAMS 0x000000064a400000, 0x000000064a000000| Untracked 
|   9|0x000000064a400000, 0x000000064a800000, 0x000000064a800000|100%| O|  |TAMS 0x000000064a800000, 0x000000064a400000| Untracked 
|  10|0x000000064a800000, 0x000000064ac00000, 0x000000064ac00000|100%| O|  |TAMS 0x000000064ac00000, 0x000000064a800000| Untracked 
|  11|0x000000064ac00000, 0x000000064b000000, 0x000000064b000000|100%| O|  |TAMS 0x000000064b000000, 0x000000064ac00000| Untracked 
|  12|0x000000064b000000, 0x000000064b400000, 0x000000064b400000|100%|HS|  |TAMS 0x000000064b400000, 0x000000064b000000| Complete 
|  13|0x000000064b400000, 0x000000064b800000, 0x000000064b800000|100%|HS|  |TAMS 0x000000064b800000, 0x000000064b400000| Complete 
|  14|0x000000064b800000, 0x000000064bc00000, 0x000000064bc00000|100%| O|  |TAMS 0x000000064bc00000, 0x000000064b800000| Untracked 
|  15|0x000000064bc00000, 0x000000064c000000, 0x000000064c000000|100%| O|  |TAMS 0x000000064c000000, 0x000000064bc00000| Untracked 
|  16|0x000000064c000000, 0x000000064c400000, 0x000000064c400000|100%| O|  |TAMS 0x000000064c400000, 0x000000064c000000| Untracked 
|  17|0x000000064c400000, 0x000000064c800000, 0x000000064c800000|100%| O|  |TAMS 0x000000064c800000, 0x000000064c400000| Untracked 
|  18|0x000000064c800000, 0x000000064cc00000, 0x000000064cc00000|100%| O|  |TAMS 0x000000064cc00000, 0x000000064c800000| Untracked 
|  19|0x000000064cc00000, 0x000000064d000000, 0x000000064d000000|100%| O|  |TAMS 0x000000064d000000, 0x000000064cc00000| Untracked 
|  20|0x000000064d000000, 0x000000064d400000, 0x000000064d400000|100%| O|  |TAMS 0x000000064d400000, 0x000000064d000000| Untracked 
|  21|0x000000064d400000, 0x000000064d800000, 0x000000064d800000|100%| O|  |TAMS 0x000000064d800000, 0x000000064d400000| Untracked 
|  22|0x000000064d800000, 0x000000064dc00000, 0x000000064dc00000|100%| O|  |TAMS 0x000000064dc00000, 0x000000064d800000| Untracked 
|  23|0x000000064dc00000, 0x000000064e000000, 0x000000064e000000|100%| O|  |TAMS 0x000000064e000000, 0x000000064dc00000| Untracked 
|  24|0x000000064e000000, 0x000000064e400000, 0x000000064e400000|100%| O|  |TAMS 0x000000064e400000, 0x000000064e000000| Untracked 
|  25|0x000000064e400000, 0x000000064e800000, 0x000000064e800000|100%| O|  |TAMS 0x000000064e800000, 0x000000064e400000| Untracked 
|  26|0x000000064e800000, 0x000000064ec00000, 0x000000064ec00000|100%| O|  |TAMS 0x000000064ec00000, 0x000000064e800000| Untracked 
|  27|0x000000064ec00000, 0x000000064f000000, 0x000000064f000000|100%| O|  |TAMS 0x000000064f000000, 0x000000064ec00000| Untracked 
|  28|0x000000064f000000, 0x000000064f400000, 0x000000064f400000|100%| O|  |TAMS 0x000000064f400000, 0x000000064f000000| Untracked 
|  29|0x000000064f400000, 0x000000064f800000, 0x000000064f800000|100%| O|  |TAMS 0x000000064f800000, 0x000000064f400000| Untracked 
|  30|0x000000064f800000, 0x000000064fc00000, 0x000000064fc00000|100%| O|  |TAMS 0x000000064fc00000, 0x000000064f800000| Untracked 
|  31|0x000000064fc00000, 0x0000000650000000, 0x0000000650000000|100%| O|  |TAMS 0x0000000650000000, 0x000000064fc00000| Untracked 
|  32|0x0000000650000000, 0x0000000650400000, 0x0000000650400000|100%| O|  |TAMS 0x0000000650400000, 0x0000000650000000| Untracked 
|  33|0x0000000650400000, 0x0000000650800000, 0x0000000650800000|100%| O|  |TAMS 0x0000000650800000, 0x0000000650400000| Untracked 
|  34|0x0000000650800000, 0x0000000650c00000, 0x0000000650c00000|100%| O|  |TAMS 0x0000000650c00000, 0x0000000650800000| Untracked 
|  35|0x0000000650c00000, 0x0000000651000000, 0x0000000651000000|100%| O|  |TAMS 0x0000000651000000, 0x0000000650c00000| Untracked 
|  36|0x0000000651000000, 0x0000000651400000, 0x0000000651400000|100%| O|  |TAMS 0x0000000651400000, 0x0000000651000000| Untracked 
|  37|0x0000000651400000, 0x0000000651800000, 0x0000000651800000|100%| O|  |TAMS 0x0000000651800000, 0x0000000651400000| Untracked 
|  38|0x0000000651800000, 0x0000000651c00000, 0x0000000651c00000|100%| O|  |TAMS 0x0000000651c00000, 0x0000000651800000| Untracked 
|  39|0x0000000651c00000, 0x0000000652000000, 0x0000000652000000|100%| O|  |TAMS 0x0000000652000000, 0x0000000651c00000| Untracked 
|  40|0x0000000652000000, 0x0000000652400000, 0x0000000652400000|100%| O|  |TAMS 0x0000000652400000, 0x0000000652000000| Untracked 
|  41|0x0000000652400000, 0x0000000652800000, 0x0000000652800000|100%| O|  |TAMS 0x00000006527fc800, 0x0000000652400000| Untracked 
|  42|0x0000000652800000, 0x0000000652c00000, 0x0000000652c00000|100%| O|  |TAMS 0x0000000652800000, 0x0000000652800000| Untracked 
|  43|0x0000000652c00000, 0x0000000653000000, 0x0000000653000000|100%| O|  |TAMS 0x0000000652c00000, 0x0000000652c00000| Untracked 
|  44|0x0000000653000000, 0x0000000653400000, 0x0000000653400000|100%| O|  |TAMS 0x0000000653000000, 0x0000000653000000| Untracked 
|  45|0x0000000653400000, 0x0000000653800000, 0x0000000653800000|100%| O|  |TAMS 0x0000000653400000, 0x0000000653400000| Untracked 
|  46|0x0000000653800000, 0x0000000653c00000, 0x0000000653c00000|100%| O|  |TAMS 0x0000000653800000, 0x0000000653800000| Untracked 
|  47|0x0000000653c00000, 0x0000000654000000, 0x0000000654000000|100%| O|  |TAMS 0x0000000653c00000, 0x0000000653c00000| Untracked 
|  48|0x0000000654000000, 0x0000000654400000, 0x0000000654400000|100%| O|  |TAMS 0x0000000654000000, 0x0000000654000000| Untracked 
|  49|0x0000000654400000, 0x0000000654800000, 0x0000000654800000|100%| O|  |TAMS 0x0000000654400000, 0x0000000654400000| Untracked 
|  50|0x0000000654800000, 0x0000000654c00000, 0x0000000654c00000|100%| O|  |TAMS 0x0000000654800000, 0x0000000654800000| Untracked 
|  51|0x0000000654c00000, 0x0000000655000000, 0x0000000655000000|100%| O|  |TAMS 0x0000000654c00000, 0x0000000654c00000| Untracked 
|  52|0x0000000655000000, 0x0000000655400000, 0x0000000655400000|100%| O|  |TAMS 0x0000000655000000, 0x0000000655000000| Untracked 
|  53|0x0000000655400000, 0x0000000655740e00, 0x0000000655800000| 81%| O|  |TAMS 0x0000000655400000, 0x0000000655400000| Untracked 
|  54|0x0000000655800000, 0x0000000655800000, 0x0000000655c00000|  0%| F|  |TAMS 0x0000000655800000, 0x0000000655800000| Untracked 
|  55|0x0000000655c00000, 0x0000000655c00000, 0x0000000656000000|  0%| F|  |TAMS 0x0000000655c00000, 0x0000000655c00000| Untracked 
|  56|0x0000000656000000, 0x0000000656000000, 0x0000000656400000|  0%| F|  |TAMS 0x0000000656000000, 0x0000000656000000| Untracked 
|  57|0x0000000656400000, 0x0000000656400000, 0x0000000656800000|  0%| F|  |TAMS 0x0000000656400000, 0x0000000656400000| Untracked 
|  58|0x0000000656800000, 0x0000000656800000, 0x0000000656c00000|  0%| F|  |TAMS 0x0000000656800000, 0x0000000656800000| Untracked 
|  59|0x0000000656c00000, 0x0000000656c00000, 0x0000000657000000|  0%| F|  |TAMS 0x0000000656c00000, 0x0000000656c00000| Untracked 
|  60|0x0000000657000000, 0x0000000657000000, 0x0000000657400000|  0%| F|  |TAMS 0x0000000657000000, 0x0000000657000000| Untracked 
|  61|0x0000000657400000, 0x0000000657400000, 0x0000000657800000|  0%| F|  |TAMS 0x0000000657400000, 0x0000000657400000| Untracked 
|  62|0x0000000657800000, 0x0000000657800000, 0x0000000657c00000|  0%| F|  |TAMS 0x0000000657800000, 0x0000000657800000| Untracked 
|  63|0x0000000657c00000, 0x0000000657c00000, 0x0000000658000000|  0%| F|  |TAMS 0x0000000657c00000, 0x0000000657c00000| Untracked 
|  64|0x0000000658000000, 0x0000000658000000, 0x0000000658400000|  0%| F|  |TAMS 0x0000000658000000, 0x0000000658000000| Untracked 
|  65|0x0000000658400000, 0x0000000658400000, 0x0000000658800000|  0%| F|  |TAMS 0x0000000658400000, 0x0000000658400000| Untracked 
|  66|0x0000000658800000, 0x0000000658800000, 0x0000000658c00000|  0%| F|  |TAMS 0x0000000658800000, 0x0000000658800000| Untracked 
|  67|0x0000000658c00000, 0x0000000658c00000, 0x0000000659000000|  0%| F|  |TAMS 0x0000000658c00000, 0x0000000658c00000| Untracked 
|  68|0x0000000659000000, 0x0000000659000000, 0x0000000659400000|  0%| F|  |TAMS 0x0000000659000000, 0x0000000659000000| Untracked 
|  69|0x0000000659400000, 0x0000000659400000, 0x0000000659800000|  0%| F|  |TAMS 0x0000000659400000, 0x0000000659400000| Untracked 
|  70|0x0000000659800000, 0x0000000659800000, 0x0000000659c00000|  0%| F|  |TAMS 0x0000000659800000, 0x0000000659800000| Untracked 
|  71|0x0000000659c00000, 0x0000000659c00000, 0x000000065a000000|  0%| F|  |TAMS 0x0000000659c00000, 0x0000000659c00000| Untracked 
|  72|0x000000065a000000, 0x000000065a000000, 0x000000065a400000|  0%| F|  |TAMS 0x000000065a000000, 0x000000065a000000| Untracked 
|  73|0x000000065a400000, 0x000000065a400000, 0x000000065a800000|  0%| F|  |TAMS 0x000000065a400000, 0x000000065a400000| Untracked 
|  74|0x000000065a800000, 0x000000065a800000, 0x000000065ac00000|  0%| F|  |TAMS 0x000000065a800000, 0x000000065a800000| Untracked 
|  75|0x000000065ac00000, 0x000000065ac00000, 0x000000065b000000|  0%| F|  |TAMS 0x000000065ac00000, 0x000000065ac00000| Untracked 
|  76|0x000000065b000000, 0x000000065b000000, 0x000000065b400000|  0%| F|  |TAMS 0x000000065b000000, 0x000000065b000000| Untracked 
|  77|0x000000065b400000, 0x000000065b400000, 0x000000065b800000|  0%| F|  |TAMS 0x000000065b400000, 0x000000065b400000| Untracked 
|  78|0x000000065b800000, 0x000000065b800000, 0x000000065bc00000|  0%| F|  |TAMS 0x000000065b800000, 0x000000065b800000| Untracked 
|  79|0x000000065bc00000, 0x000000065bc00000, 0x000000065c000000|  0%| F|  |TAMS 0x000000065bc00000, 0x000000065bc00000| Untracked 
|  80|0x000000065c000000, 0x000000065c000000, 0x000000065c400000|  0%| F|  |TAMS 0x000000065c000000, 0x000000065c000000| Untracked 
|  81|0x000000065c400000, 0x000000065c400000, 0x000000065c800000|  0%| F|  |TAMS 0x000000065c400000, 0x000000065c400000| Untracked 
|  82|0x000000065c800000, 0x000000065c800000, 0x000000065cc00000|  0%| F|  |TAMS 0x000000065c800000, 0x000000065c800000| Untracked 
|  83|0x000000065cc00000, 0x000000065cc00000, 0x000000065d000000|  0%| F|  |TAMS 0x000000065cc00000, 0x000000065cc00000| Untracked 
|  84|0x000000065d000000, 0x000000065d000000, 0x000000065d400000|  0%| F|  |TAMS 0x000000065d000000, 0x000000065d000000| Untracked 
|  85|0x000000065d400000, 0x000000065d400000, 0x000000065d800000|  0%| F|  |TAMS 0x000000065d400000, 0x000000065d400000| Untracked 
|  86|0x000000065d800000, 0x000000065d800000, 0x000000065dc00000|  0%| F|  |TAMS 0x000000065d800000, 0x000000065d800000| Untracked 
|  87|0x000000065dc00000, 0x000000065dc00000, 0x000000065e000000|  0%| F|  |TAMS 0x000000065dc00000, 0x000000065dc00000| Untracked 
|  88|0x000000065e000000, 0x000000065e000000, 0x000000065e400000|  0%| F|  |TAMS 0x000000065e000000, 0x000000065e000000| Untracked 
|  89|0x000000065e400000, 0x000000065e400000, 0x000000065e800000|  0%| F|  |TAMS 0x000000065e400000, 0x000000065e400000| Untracked 
|  90|0x000000065e800000, 0x000000065eaba610, 0x000000065ec00000| 68%| S|CS|TAMS 0x000000065e800000, 0x000000065e800000| Complete 
|  91|0x000000065ec00000, 0x000000065f000000, 0x000000065f000000|100%| S|CS|TAMS 0x000000065ec00000, 0x000000065ec00000| Complete 
|  92|0x000000065f000000, 0x000000065f400000, 0x000000065f400000|100%| S|CS|TAMS 0x000000065f000000, 0x000000065f000000| Complete 
|  93|0x000000065f400000, 0x000000065f800000, 0x000000065f800000|100%| S|CS|TAMS 0x000000065f400000, 0x000000065f400000| Complete 
|  94|0x000000065f800000, 0x000000065fc00000, 0x000000065fc00000|100%| S|CS|TAMS 0x000000065f800000, 0x000000065f800000| Complete 
|  95|0x000000065fc00000, 0x0000000660000000, 0x0000000660000000|100%| S|CS|TAMS 0x000000065fc00000, 0x000000065fc00000| Complete 
|  96|0x0000000660000000, 0x0000000660400000, 0x0000000660400000|100%| S|CS|TAMS 0x0000000660000000, 0x0000000660000000| Complete 
|  97|0x0000000660400000, 0x0000000660800000, 0x0000000660800000|100%| S|CS|TAMS 0x0000000660400000, 0x0000000660400000| Complete 
|  98|0x0000000660800000, 0x0000000660c00000, 0x0000000660c00000|100%| S|CS|TAMS 0x0000000660800000, 0x0000000660800000| Complete 
|  99|0x0000000660c00000, 0x0000000661000000, 0x0000000661000000|100%| S|CS|TAMS 0x0000000660c00000, 0x0000000660c00000| Complete 
| 100|0x0000000661000000, 0x0000000661400000, 0x0000000661400000|100%| S|CS|TAMS 0x0000000661000000, 0x0000000661000000| Complete 
| 101|0x0000000661400000, 0x0000000661800000, 0x0000000661800000|100%| S|CS|TAMS 0x0000000661400000, 0x0000000661400000| Complete 
| 102|0x0000000661800000, 0x0000000661c00000, 0x0000000661c00000|100%| S|CS|TAMS 0x0000000661800000, 0x0000000661800000| Complete 
| 103|0x0000000661c00000, 0x0000000661c00000, 0x0000000662000000|  0%| F|  |TAMS 0x0000000661c00000, 0x0000000661c00000| Untracked 
| 104|0x0000000662000000, 0x0000000662000000, 0x0000000662400000|  0%| F|  |TAMS 0x0000000662000000, 0x0000000662000000| Untracked 
| 105|0x0000000662400000, 0x0000000662400000, 0x0000000662800000|  0%| F|  |TAMS 0x0000000662400000, 0x0000000662400000| Untracked 
| 106|0x0000000662800000, 0x0000000662800000, 0x0000000662c00000|  0%| F|  |TAMS 0x0000000662800000, 0x0000000662800000| Untracked 
| 107|0x0000000662c00000, 0x0000000662c00000, 0x0000000663000000|  0%| F|  |TAMS 0x0000000662c00000, 0x0000000662c00000| Untracked 
| 108|0x0000000663000000, 0x0000000663000000, 0x0000000663400000|  0%| F|  |TAMS 0x0000000663000000, 0x0000000663000000| Untracked 
| 109|0x0000000663400000, 0x0000000663400000, 0x0000000663800000|  0%| F|  |TAMS 0x0000000663400000, 0x0000000663400000| Untracked 
| 110|0x0000000663800000, 0x0000000663800000, 0x0000000663c00000|  0%| F|  |TAMS 0x0000000663800000, 0x0000000663800000| Untracked 
| 111|0x0000000663c00000, 0x0000000663c00000, 0x0000000664000000|  0%| F|  |TAMS 0x0000000663c00000, 0x0000000663c00000| Untracked 
| 112|0x0000000664000000, 0x0000000664000000, 0x0000000664400000|  0%| F|  |TAMS 0x0000000664000000, 0x0000000664000000| Untracked 
| 113|0x0000000664400000, 0x0000000664400000, 0x0000000664800000|  0%| F|  |TAMS 0x0000000664400000, 0x0000000664400000| Untracked 
| 114|0x0000000664800000, 0x0000000664800000, 0x0000000664c00000|  0%| F|  |TAMS 0x0000000664800000, 0x0000000664800000| Untracked 
| 115|0x0000000664c00000, 0x0000000664c00000, 0x0000000665000000|  0%| F|  |TAMS 0x0000000664c00000, 0x0000000664c00000| Untracked 
| 116|0x0000000665000000, 0x0000000665000000, 0x0000000665400000|  0%| F|  |TAMS 0x0000000665000000, 0x0000000665000000| Untracked 
| 117|0x0000000665400000, 0x0000000665400000, 0x0000000665800000|  0%| F|  |TAMS 0x0000000665400000, 0x0000000665400000| Untracked 
| 118|0x0000000665800000, 0x0000000665800000, 0x0000000665c00000|  0%| F|  |TAMS 0x0000000665800000, 0x0000000665800000| Untracked 
| 119|0x0000000665c00000, 0x0000000665c00000, 0x0000000666000000|  0%| F|  |TAMS 0x0000000665c00000, 0x0000000665c00000| Untracked 
| 120|0x0000000666000000, 0x0000000666000000, 0x0000000666400000|  0%| F|  |TAMS 0x0000000666000000, 0x0000000666000000| Untracked 
| 121|0x0000000666400000, 0x0000000666400000, 0x0000000666800000|  0%| F|  |TAMS 0x0000000666400000, 0x0000000666400000| Untracked 
| 122|0x0000000666800000, 0x0000000666800000, 0x0000000666c00000|  0%| F|  |TAMS 0x0000000666800000, 0x0000000666800000| Untracked 
| 123|0x0000000666c00000, 0x0000000666c00000, 0x0000000667000000|  0%| F|  |TAMS 0x0000000666c00000, 0x0000000666c00000| Untracked 
| 124|0x0000000667000000, 0x0000000667000000, 0x0000000667400000|  0%| F|  |TAMS 0x0000000667000000, 0x0000000667000000| Untracked 
| 125|0x0000000667400000, 0x0000000667400000, 0x0000000667800000|  0%| F|  |TAMS 0x0000000667400000, 0x0000000667400000| Untracked 
| 126|0x0000000667800000, 0x0000000667800000, 0x0000000667c00000|  0%| F|  |TAMS 0x0000000667800000, 0x0000000667800000| Untracked 
| 127|0x0000000667c00000, 0x0000000667c00000, 0x0000000668000000|  0%| F|  |TAMS 0x0000000667c00000, 0x0000000667c00000| Untracked 
| 128|0x0000000668000000, 0x0000000668000000, 0x0000000668400000|  0%| F|  |TAMS 0x0000000668000000, 0x0000000668000000| Untracked 
| 129|0x0000000668400000, 0x0000000668400000, 0x0000000668800000|  0%| F|  |TAMS 0x0000000668400000, 0x0000000668400000| Untracked 
| 130|0x0000000668800000, 0x0000000668800000, 0x0000000668c00000|  0%| F|  |TAMS 0x0000000668800000, 0x0000000668800000| Untracked 
| 131|0x0000000668c00000, 0x0000000668c00000, 0x0000000669000000|  0%| F|  |TAMS 0x0000000668c00000, 0x0000000668c00000| Untracked 
| 132|0x0000000669000000, 0x0000000669000000, 0x0000000669400000|  0%| F|  |TAMS 0x0000000669000000, 0x0000000669000000| Untracked 
| 133|0x0000000669400000, 0x0000000669400000, 0x0000000669800000|  0%| F|  |TAMS 0x0000000669400000, 0x0000000669400000| Untracked 
| 134|0x0000000669800000, 0x0000000669800000, 0x0000000669c00000|  0%| F|  |TAMS 0x0000000669800000, 0x0000000669800000| Untracked 
| 135|0x0000000669c00000, 0x0000000669c00000, 0x000000066a000000|  0%| F|  |TAMS 0x0000000669c00000, 0x0000000669c00000| Untracked 
| 136|0x000000066a000000, 0x000000066a000000, 0x000000066a400000|  0%| F|  |TAMS 0x000000066a000000, 0x000000066a000000| Untracked 
| 137|0x000000066a400000, 0x000000066a400000, 0x000000066a800000|  0%| F|  |TAMS 0x000000066a400000, 0x000000066a400000| Untracked 
| 138|0x000000066a800000, 0x000000066a800000, 0x000000066ac00000|  0%| F|  |TAMS 0x000000066a800000, 0x000000066a800000| Untracked 
| 139|0x000000066ac00000, 0x000000066ac00000, 0x000000066b000000|  0%| F|  |TAMS 0x000000066ac00000, 0x000000066ac00000| Untracked 
| 140|0x000000066b000000, 0x000000066b000000, 0x000000066b400000|  0%| F|  |TAMS 0x000000066b000000, 0x000000066b000000| Untracked 
| 141|0x000000066b400000, 0x000000066b400000, 0x000000066b800000|  0%| F|  |TAMS 0x000000066b400000, 0x000000066b400000| Untracked 
| 142|0x000000066b800000, 0x000000066b800000, 0x000000066bc00000|  0%| F|  |TAMS 0x000000066b800000, 0x000000066b800000| Untracked 
| 143|0x000000066bc00000, 0x000000066bc00000, 0x000000066c000000|  0%| F|  |TAMS 0x000000066bc00000, 0x000000066bc00000| Untracked 
| 144|0x000000066c000000, 0x000000066c000000, 0x000000066c400000|  0%| F|  |TAMS 0x000000066c000000, 0x000000066c000000| Untracked 
| 145|0x000000066c400000, 0x000000066c400000, 0x000000066c800000|  0%| F|  |TAMS 0x000000066c400000, 0x000000066c400000| Untracked 
| 146|0x000000066c800000, 0x000000066c800000, 0x000000066cc00000|  0%| F|  |TAMS 0x000000066c800000, 0x000000066c800000| Untracked 
| 147|0x000000066cc00000, 0x000000066cc00000, 0x000000066d000000|  0%| F|  |TAMS 0x000000066cc00000, 0x000000066cc00000| Untracked 
| 148|0x000000066d000000, 0x000000066d000000, 0x000000066d400000|  0%| F|  |TAMS 0x000000066d000000, 0x000000066d000000| Untracked 
| 149|0x000000066d400000, 0x000000066d400000, 0x000000066d800000|  0%| F|  |TAMS 0x000000066d400000, 0x000000066d400000| Untracked 
| 150|0x000000066d800000, 0x000000066d800000, 0x000000066dc00000|  0%| F|  |TAMS 0x000000066d800000, 0x000000066d800000| Untracked 
| 151|0x000000066dc00000, 0x000000066dc00000, 0x000000066e000000|  0%| F|  |TAMS 0x000000066dc00000, 0x000000066dc00000| Untracked 
| 152|0x000000066e000000, 0x000000066e000000, 0x000000066e400000|  0%| F|  |TAMS 0x000000066e000000, 0x000000066e000000| Untracked 
| 153|0x000000066e400000, 0x000000066e400000, 0x000000066e800000|  0%| F|  |TAMS 0x000000066e400000, 0x000000066e400000| Untracked 
| 154|0x000000066e800000, 0x000000066e800000, 0x000000066ec00000|  0%| F|  |TAMS 0x000000066e800000, 0x000000066e800000| Untracked 
| 155|0x000000066ec00000, 0x000000066ec00000, 0x000000066f000000|  0%| F|  |TAMS 0x000000066ec00000, 0x000000066ec00000| Untracked 
| 156|0x000000066f000000, 0x000000066f000000, 0x000000066f400000|  0%| F|  |TAMS 0x000000066f000000, 0x000000066f000000| Untracked 
| 157|0x000000066f400000, 0x000000066f800000, 0x000000066f800000|100%| E|  |TAMS 0x000000066f400000, 0x000000066f400000| Complete 
| 158|0x000000066f800000, 0x000000066fc00000, 0x000000066fc00000|100%| E|CS|TAMS 0x000000066f800000, 0x000000066f800000| Complete 
| 159|0x000000066fc00000, 0x0000000670000000, 0x0000000670000000|100%| E|CS|TAMS 0x000000066fc00000, 0x000000066fc00000| Complete 
| 160|0x0000000670000000, 0x0000000670400000, 0x0000000670400000|100%| E|CS|TAMS 0x0000000670000000, 0x0000000670000000| Complete 
| 161|0x0000000670400000, 0x0000000670800000, 0x0000000670800000|100%| E|CS|TAMS 0x0000000670400000, 0x0000000670400000| Complete 
| 162|0x0000000670800000, 0x0000000670c00000, 0x0000000670c00000|100%| E|CS|TAMS 0x0000000670800000, 0x0000000670800000| Complete 
| 163|0x0000000670c00000, 0x0000000671000000, 0x0000000671000000|100%| E|CS|TAMS 0x0000000670c00000, 0x0000000670c00000| Complete 
| 164|0x0000000671000000, 0x0000000671400000, 0x0000000671400000|100%| E|CS|TAMS 0x0000000671000000, 0x0000000671000000| Complete 
| 165|0x0000000671400000, 0x0000000671800000, 0x0000000671800000|100%| E|CS|TAMS 0x0000000671400000, 0x0000000671400000| Complete 
| 166|0x0000000671800000, 0x0000000671c00000, 0x0000000671c00000|100%| E|CS|TAMS 0x0000000671800000, 0x0000000671800000| Complete 
| 167|0x0000000671c00000, 0x0000000672000000, 0x0000000672000000|100%| E|CS|TAMS 0x0000000671c00000, 0x0000000671c00000| Complete 
| 168|0x0000000672000000, 0x0000000672400000, 0x0000000672400000|100%| E|CS|TAMS 0x0000000672000000, 0x0000000672000000| Complete 
| 169|0x0000000672400000, 0x0000000672800000, 0x0000000672800000|100%| E|CS|TAMS 0x0000000672400000, 0x0000000672400000| Complete 
| 170|0x0000000672800000, 0x0000000672c00000, 0x0000000672c00000|100%| E|CS|TAMS 0x0000000672800000, 0x0000000672800000| Complete 
| 171|0x0000000672c00000, 0x0000000673000000, 0x0000000673000000|100%| E|CS|TAMS 0x0000000672c00000, 0x0000000672c00000| Complete 
| 172|0x0000000673000000, 0x0000000673400000, 0x0000000673400000|100%| E|CS|TAMS 0x0000000673000000, 0x0000000673000000| Complete 
| 173|0x0000000673400000, 0x0000000673800000, 0x0000000673800000|100%| E|CS|TAMS 0x0000000673400000, 0x0000000673400000| Complete 
| 174|0x0000000673800000, 0x0000000673c00000, 0x0000000673c00000|100%| E|CS|TAMS 0x0000000673800000, 0x0000000673800000| Complete 
| 175|0x0000000673c00000, 0x0000000674000000, 0x0000000674000000|100%| E|CS|TAMS 0x0000000673c00000, 0x0000000673c00000| Complete 
| 176|0x0000000674000000, 0x0000000674400000, 0x0000000674400000|100%| E|CS|TAMS 0x0000000674000000, 0x0000000674000000| Complete 
| 177|0x0000000674400000, 0x0000000674800000, 0x0000000674800000|100%| E|CS|TAMS 0x0000000674400000, 0x0000000674400000| Complete 
| 178|0x0000000674800000, 0x0000000674c00000, 0x0000000674c00000|100%| E|CS|TAMS 0x0000000674800000, 0x0000000674800000| Complete 
| 179|0x0000000674c00000, 0x0000000675000000, 0x0000000675000000|100%| E|CS|TAMS 0x0000000674c00000, 0x0000000674c00000| Complete 
| 180|0x0000000675000000, 0x0000000675400000, 0x0000000675400000|100%| E|CS|TAMS 0x0000000675000000, 0x0000000675000000| Complete 
| 181|0x0000000675400000, 0x0000000675800000, 0x0000000675800000|100%| E|CS|TAMS 0x0000000675400000, 0x0000000675400000| Complete 
| 182|0x0000000675800000, 0x0000000675c00000, 0x0000000675c00000|100%| E|CS|TAMS 0x0000000675800000, 0x0000000675800000| Complete 
| 183|0x0000000675c00000, 0x0000000676000000, 0x0000000676000000|100%| E|CS|TAMS 0x0000000675c00000, 0x0000000675c00000| Complete 
| 184|0x0000000676000000, 0x0000000676400000, 0x0000000676400000|100%| E|CS|TAMS 0x0000000676000000, 0x0000000676000000| Complete 
| 185|0x0000000676400000, 0x0000000676800000, 0x0000000676800000|100%| E|CS|TAMS 0x0000000676400000, 0x0000000676400000| Complete 
| 186|0x0000000676800000, 0x0000000676c00000, 0x0000000676c00000|100%| E|CS|TAMS 0x0000000676800000, 0x0000000676800000| Complete 
| 187|0x0000000676c00000, 0x0000000677000000, 0x0000000677000000|100%| E|CS|TAMS 0x0000000676c00000, 0x0000000676c00000| Complete 
| 188|0x0000000677000000, 0x0000000677400000, 0x0000000677400000|100%| E|CS|TAMS 0x0000000677000000, 0x0000000677000000| Complete 
| 189|0x0000000677400000, 0x0000000677800000, 0x0000000677800000|100%| E|CS|TAMS 0x0000000677400000, 0x0000000677400000| Complete 
| 190|0x0000000677800000, 0x0000000677c00000, 0x0000000677c00000|100%| E|CS|TAMS 0x0000000677800000, 0x0000000677800000| Complete 
| 191|0x0000000677c00000, 0x0000000678000000, 0x0000000678000000|100%| E|CS|TAMS 0x0000000677c00000, 0x0000000677c00000| Complete 
| 192|0x0000000678000000, 0x0000000678400000, 0x0000000678400000|100%| E|CS|TAMS 0x0000000678000000, 0x0000000678000000| Complete 
| 193|0x0000000678400000, 0x0000000678800000, 0x0000000678800000|100%| E|CS|TAMS 0x0000000678400000, 0x0000000678400000| Complete 
| 194|0x0000000678800000, 0x0000000678c00000, 0x0000000678c00000|100%| E|CS|TAMS 0x0000000678800000, 0x0000000678800000| Complete 
| 195|0x0000000678c00000, 0x0000000679000000, 0x0000000679000000|100%| E|CS|TAMS 0x0000000678c00000, 0x0000000678c00000| Complete 
| 196|0x0000000679000000, 0x0000000679400000, 0x0000000679400000|100%| E|CS|TAMS 0x0000000679000000, 0x0000000679000000| Complete 
| 197|0x0000000679400000, 0x0000000679800000, 0x0000000679800000|100%| E|CS|TAMS 0x0000000679400000, 0x0000000679400000| Complete 
| 198|0x0000000679800000, 0x0000000679c00000, 0x0000000679c00000|100%| E|CS|TAMS 0x0000000679800000, 0x0000000679800000| Complete 
| 199|0x0000000679c00000, 0x000000067a000000, 0x000000067a000000|100%| E|CS|TAMS 0x0000000679c00000, 0x0000000679c00000| Complete 
| 200|0x000000067a000000, 0x000000067a400000, 0x000000067a400000|100%| E|CS|TAMS 0x000000067a000000, 0x000000067a000000| Complete 
| 201|0x000000067a400000, 0x000000067a800000, 0x000000067a800000|100%| E|CS|TAMS 0x000000067a400000, 0x000000067a400000| Complete 
| 202|0x000000067a800000, 0x000000067ac00000, 0x000000067ac00000|100%| E|CS|TAMS 0x000000067a800000, 0x000000067a800000| Complete 
| 203|0x000000067ac00000, 0x000000067b000000, 0x000000067b000000|100%| E|CS|TAMS 0x000000067ac00000, 0x000000067ac00000| Complete 
| 204|0x000000067b000000, 0x000000067b400000, 0x000000067b400000|100%| E|CS|TAMS 0x000000067b000000, 0x000000067b000000| Complete 
| 205|0x000000067b400000, 0x000000067b800000, 0x000000067b800000|100%| E|CS|TAMS 0x000000067b400000, 0x000000067b400000| Complete 
| 206|0x000000067b800000, 0x000000067bc00000, 0x000000067bc00000|100%| E|CS|TAMS 0x000000067b800000, 0x000000067b800000| Complete 
| 207|0x000000067bc00000, 0x000000067c000000, 0x000000067c000000|100%| E|CS|TAMS 0x000000067bc00000, 0x000000067bc00000| Complete 
| 208|0x000000067c000000, 0x000000067c400000, 0x000000067c400000|100%| E|CS|TAMS 0x000000067c000000, 0x000000067c000000| Complete 
| 209|0x000000067c400000, 0x000000067c800000, 0x000000067c800000|100%| E|CS|TAMS 0x000000067c400000, 0x000000067c400000| Complete 
| 210|0x000000067c800000, 0x000000067cc00000, 0x000000067cc00000|100%| E|CS|TAMS 0x000000067c800000, 0x000000067c800000| Complete 
| 211|0x000000067cc00000, 0x000000067d000000, 0x000000067d000000|100%| E|CS|TAMS 0x000000067cc00000, 0x000000067cc00000| Complete 
| 212|0x000000067d000000, 0x000000067d400000, 0x000000067d400000|100%| E|CS|TAMS 0x000000067d000000, 0x000000067d000000| Complete 
| 213|0x000000067d400000, 0x000000067d800000, 0x000000067d800000|100%| E|CS|TAMS 0x000000067d400000, 0x000000067d400000| Complete 
| 214|0x000000067d800000, 0x000000067dc00000, 0x000000067dc00000|100%| E|CS|TAMS 0x000000067d800000, 0x000000067d800000| Complete 
| 215|0x000000067dc00000, 0x000000067e000000, 0x000000067e000000|100%| E|CS|TAMS 0x000000067dc00000, 0x000000067dc00000| Complete 
| 216|0x000000067e000000, 0x000000067e400000, 0x000000067e400000|100%| E|CS|TAMS 0x000000067e000000, 0x000000067e000000| Complete 
| 217|0x000000067e400000, 0x000000067e800000, 0x000000067e800000|100%| E|CS|TAMS 0x000000067e400000, 0x000000067e400000| Complete 
| 218|0x000000067e800000, 0x000000067ec00000, 0x000000067ec00000|100%| E|CS|TAMS 0x000000067e800000, 0x000000067e800000| Complete 
| 219|0x000000067ec00000, 0x000000067f000000, 0x000000067f000000|100%| E|CS|TAMS 0x000000067ec00000, 0x000000067ec00000| Complete 
| 220|0x000000067f000000, 0x000000067f400000, 0x000000067f400000|100%| E|CS|TAMS 0x000000067f000000, 0x000000067f000000| Complete 
| 221|0x000000067f400000, 0x000000067f800000, 0x000000067f800000|100%| E|CS|TAMS 0x000000067f400000, 0x000000067f400000| Complete 
| 222|0x000000067f800000, 0x000000067fc00000, 0x000000067fc00000|100%| E|CS|TAMS 0x000000067f800000, 0x000000067f800000| Complete 
| 223|0x000000067fc00000, 0x0000000680000000, 0x0000000680000000|100%| E|CS|TAMS 0x000000067fc00000, 0x000000067fc00000| Complete 
| 224|0x0000000680000000, 0x0000000680400000, 0x0000000680400000|100%| E|CS|TAMS 0x0000000680000000, 0x0000000680000000| Complete 
| 225|0x0000000680400000, 0x0000000680800000, 0x0000000680800000|100%| E|CS|TAMS 0x0000000680400000, 0x0000000680400000| Complete 
| 226|0x0000000680800000, 0x0000000680c00000, 0x0000000680c00000|100%| E|CS|TAMS 0x0000000680800000, 0x0000000680800000| Complete 
| 227|0x0000000680c00000, 0x0000000681000000, 0x0000000681000000|100%| E|CS|TAMS 0x0000000680c00000, 0x0000000680c00000| Complete 
| 228|0x0000000681000000, 0x0000000681400000, 0x0000000681400000|100%| E|CS|TAMS 0x0000000681000000, 0x0000000681000000| Complete 
| 229|0x0000000681400000, 0x0000000681800000, 0x0000000681800000|100%| E|CS|TAMS 0x0000000681400000, 0x0000000681400000| Complete 
| 230|0x0000000681800000, 0x0000000681c00000, 0x0000000681c00000|100%| E|CS|TAMS 0x0000000681800000, 0x0000000681800000| Complete 
| 231|0x0000000681c00000, 0x0000000682000000, 0x0000000682000000|100%| E|CS|TAMS 0x0000000681c00000, 0x0000000681c00000| Complete 
| 232|0x0000000682000000, 0x0000000682400000, 0x0000000682400000|100%| E|CS|TAMS 0x0000000682000000, 0x0000000682000000| Complete 
| 233|0x0000000682400000, 0x0000000682800000, 0x0000000682800000|100%| E|CS|TAMS 0x0000000682400000, 0x0000000682400000| Complete 
| 234|0x0000000682800000, 0x0000000682c00000, 0x0000000682c00000|100%| E|CS|TAMS 0x0000000682800000, 0x0000000682800000| Complete 
| 235|0x0000000682c00000, 0x0000000683000000, 0x0000000683000000|100%| E|CS|TAMS 0x0000000682c00000, 0x0000000682c00000| Complete 
| 236|0x0000000683000000, 0x0000000683400000, 0x0000000683400000|100%| E|CS|TAMS 0x0000000683000000, 0x0000000683000000| Complete 
| 237|0x0000000683400000, 0x0000000683800000, 0x0000000683800000|100%| E|CS|TAMS 0x0000000683400000, 0x0000000683400000| Complete 
| 238|0x0000000683800000, 0x0000000683c00000, 0x0000000683c00000|100%| E|CS|TAMS 0x0000000683800000, 0x0000000683800000| Complete 
| 239|0x0000000683c00000, 0x0000000684000000, 0x0000000684000000|100%| E|CS|TAMS 0x0000000683c00000, 0x0000000683c00000| Complete 
| 240|0x0000000684000000, 0x0000000684400000, 0x0000000684400000|100%| E|CS|TAMS 0x0000000684000000, 0x0000000684000000| Complete 
| 241|0x0000000684400000, 0x0000000684800000, 0x0000000684800000|100%| E|CS|TAMS 0x0000000684400000, 0x0000000684400000| Complete 
| 242|0x0000000684800000, 0x0000000684c00000, 0x0000000684c00000|100%| E|CS|TAMS 0x0000000684800000, 0x0000000684800000| Complete 
| 243|0x0000000684c00000, 0x0000000685000000, 0x0000000685000000|100%| E|CS|TAMS 0x0000000684c00000, 0x0000000684c00000| Complete 
| 244|0x0000000685000000, 0x0000000685400000, 0x0000000685400000|100%| E|CS|TAMS 0x0000000685000000, 0x0000000685000000| Complete 
| 245|0x0000000685400000, 0x0000000685800000, 0x0000000685800000|100%| E|CS|TAMS 0x0000000685400000, 0x0000000685400000| Complete 
| 246|0x0000000685800000, 0x0000000685c00000, 0x0000000685c00000|100%| E|CS|TAMS 0x0000000685800000, 0x0000000685800000| Complete 
| 247|0x0000000685c00000, 0x0000000686000000, 0x0000000686000000|100%| E|CS|TAMS 0x0000000685c00000, 0x0000000685c00000| Complete 
| 248|0x0000000686000000, 0x0000000686400000, 0x0000000686400000|100%| E|CS|TAMS 0x0000000686000000, 0x0000000686000000| Complete 
| 249|0x0000000686400000, 0x0000000686800000, 0x0000000686800000|100%| E|CS|TAMS 0x0000000686400000, 0x0000000686400000| Complete 
| 250|0x0000000686800000, 0x0000000686c00000, 0x0000000686c00000|100%| E|CS|TAMS 0x0000000686800000, 0x0000000686800000| Complete 
| 251|0x0000000686c00000, 0x0000000687000000, 0x0000000687000000|100%| E|CS|TAMS 0x0000000686c00000, 0x0000000686c00000| Complete 
| 252|0x0000000687000000, 0x0000000687400000, 0x0000000687400000|100%| E|CS|TAMS 0x0000000687000000, 0x0000000687000000| Complete 
| 253|0x0000000687400000, 0x0000000687800000, 0x0000000687800000|100%| E|CS|TAMS 0x0000000687400000, 0x0000000687400000| Complete 
| 254|0x0000000687800000, 0x0000000687c00000, 0x0000000687c00000|100%| E|CS|TAMS 0x0000000687800000, 0x0000000687800000| Complete 
| 255|0x0000000687c00000, 0x0000000688000000, 0x0000000688000000|100%| E|CS|TAMS 0x0000000687c00000, 0x0000000687c00000| Complete 
| 256|0x0000000688000000, 0x0000000688400000, 0x0000000688400000|100%| E|CS|TAMS 0x0000000688000000, 0x0000000688000000| Complete 
| 257|0x0000000688400000, 0x0000000688800000, 0x0000000688800000|100%| E|CS|TAMS 0x0000000688400000, 0x0000000688400000| Complete 
| 258|0x0000000688800000, 0x0000000688c00000, 0x0000000688c00000|100%| E|CS|TAMS 0x0000000688800000, 0x0000000688800000| Complete 
| 259|0x0000000688c00000, 0x0000000689000000, 0x0000000689000000|100%| E|CS|TAMS 0x0000000688c00000, 0x0000000688c00000| Complete 
| 260|0x0000000689000000, 0x0000000689400000, 0x0000000689400000|100%| E|CS|TAMS 0x0000000689000000, 0x0000000689000000| Complete 
| 261|0x0000000689400000, 0x0000000689800000, 0x0000000689800000|100%| E|CS|TAMS 0x0000000689400000, 0x0000000689400000| Complete 
|1757|0x00000007ff400000, 0x00000007ff800000, 0x00000007ff800000|100%| O|  |TAMS 0x00000007ff800000, 0x00000007ff400000| Untracked 
|1758|0x00000007ff800000, 0x00000007ffc00000, 0x00000007ffc00000|100%| O|  |TAMS 0x00000007ffc00000, 0x00000007ff800000| Untracked 
|1759|0x00000007ffc00000, 0x0000000800000000, 0x0000000800000000|100%| O|  |TAMS 0x0000000800000000, 0x00000007ffc00000| Untracked 

Card table byte_map: [0x0000000110700000,0x00000001114c0000] _byte_map_base: 0x000000010d4c0000

Marking Bits (Prev, Next): (CMBitMap*) 0x0000000123822c50, (CMBitMap*) 0x0000000123822c10
 Prev Bits: [0x000000014ee00000, 0x0000000155c00000)
 Next Bits: [0x0000000148000000, 0x000000014ee00000)

Polling page: 0x0000000104ac4000

Metaspace:

Usage:
  Non-class:     39.15 MB used.
      Class:      5.34 MB used.
       Both:     44.49 MB used.

Virtual space:
  Non-class space:       64.00 MB reserved,      39.88 MB ( 62%) committed,  1 nodes.
      Class space:        1.00 GB reserved,       5.88 MB ( <1%) committed,  1 nodes.
             Both:        1.06 GB reserved,      45.75 MB (  4%) committed. 

Chunk freelists:
   Non-Class:  8.11 MB
       Class:  10.08 MB
        Both:  18.19 MB

MaxMetaspaceSize: unlimited
CompressedClassSpaceSize: 1.00 GB
Initial GC threshold: 21.00 MB
Current GC threshold: 61.69 MB
CDS: off
MetaspaceReclaimPolicy: balanced
 - commit_granule_bytes: 65536.
 - commit_granule_words: 8192.
 - virtual_space_node_default_size: 8388608.
 - enlarge_chunks_in_place: 1.
 - new_chunks_are_fully_committed: 0.
 - uncommit_free_chunks: 1.
 - use_allocation_guard: 0.
 - handle_deallocations: 1.


Internal statistics:

num_allocs_failed_limit: 17.
num_arena_births: 1828.
num_arena_deaths: 0.
num_vsnodes_births: 2.
num_vsnodes_deaths: 0.
num_space_committed: 730.
num_space_uncommitted: 0.
num_chunks_returned_to_freelist: 17.
num_chunks_taken_from_freelist: 3460.
num_chunk_merges: 17.
num_chunk_splits: 2181.
num_chunks_enlarged: 1235.
num_inconsistent_stats: 0.

CodeHeap 'non-profiled nmethods': size=120032Kb used=3885Kb max_used=3885Kb free=116146Kb
 bounds [0x0000000137ac8000, 0x0000000137e98000, 0x000000013f000000]
CodeHeap 'profiled nmethods': size=120016Kb used=13273Kb max_used=14603Kb free=106742Kb
 bounds [0x0000000130000000, 0x0000000130e60000, 0x0000000137534000]
CodeHeap 'non-nmethods': size=5712Kb used=1758Kb max_used=1925Kb free=3953Kb
 bounds [0x0000000137534000, 0x00000001377a4000, 0x0000000137ac8000]
 total_blobs=8288 nmethods=7038 adapters=1166
 compilation: enabled
              stopped_count=0, restarted_count=0
 full_count=0

Compilation events (20 events):
Event: 26.008 Thread 0x0000000122008c00 11863       2       org.spongepowered.asm.mixin.struct.MemberRef$Method::getDesc (8 bytes)
Event: 26.008 Thread 0x0000000122008c00 nmethod 11863 0x0000000130868490 code [0x0000000130868640, 0x0000000130868758]
Event: 26.008 Thread 0x0000000122008c00 11858       2       org.spongepowered.asm.mixin.struct.MemberRef$Method::getName (8 bytes)
Event: 26.008 Thread 0x0000000122008c00 nmethod 11858 0x0000000130868110 code [0x00000001308682c0, 0x00000001308683d8]
Event: 26.008 Thread 0x0000000122008c00 11862       2       org.spongepowered.asm.mixin.transformer.ClassContext::upgradeMethodRef (32 bytes)
Event: 26.009 Thread 0x0000000122008c00 nmethod 11862 0x00000001308b8610 code [0x00000001308b8800, 0x00000001308b8a28]
Event: 26.014 Thread 0x0000000122008c00 11878       2       org.objectweb.asm.SymbolTable::hash (12 bytes)
Event: 26.016 Thread 0x0000000122008c00 nmethod 11878 0x00000001308b8010 code [0x00000001308b81c0, 0x00000001308b8308]
Event: 26.016 Thread 0x0000000122008c00 11880       2       org.objectweb.asm.AnnotationWriter::visit (935 bytes)
Event: 26.030 Thread 0x0000000122008c00 nmethod 11880 0x0000000130bd8710 code [0x0000000130bd8d00, 0x0000000130bda838]
Event: 26.032 Thread 0x0000000122008c00 11882 %s!   3       org.spongepowered.asm.mixin.transformer.MixinProcessor::applyMixins @ 445 (809 bytes)
Event: 26.053 Thread 0x0000000122008c00 nmethod 11882% 0x0000000130a99810 code [0x0000000130a9a4c0, 0x0000000130aa0f08]
Event: 26.053 Thread 0x0000000122008c00 11877       2       org.objectweb.asm.Frame::addInitializedType (77 bytes)
Event: 26.054 Thread 0x0000000122008c00 nmethod 11877 0x0000000130ca7f90 code [0x0000000130ca8140, 0x0000000130ca8548]
Event: 26.055 Thread 0x0000000122008c00 11879       2       org.objectweb.asm.SymbolTable$Entry::<init> (18 bytes)
Event: 26.056 Thread 0x0000000122008c00 nmethod 11879 0x0000000130ca7b90 code [0x0000000130ca7d40, 0x0000000130ca7ec8]
Event: 26.057 Thread 0x0000000122008c00 11875       2       java.util.Comparator::comparing (18 bytes)
Event: 26.058 Thread 0x0000000122008c00 nmethod 11875 0x000000013086e210 code [0x000000013086e400, 0x000000013086e6b8]
Event: 26.058 Thread 0x0000000122008c00 11876       2       java.util.Comparator$$Lambda$526/0x00000008002c8638::<init> (10 bytes)
Event: 26.058 Thread 0x0000000122008c00 nmethod 11876 0x0000000130bd8210 code [0x0000000130bd83c0, 0x0000000130bd8518]

GC Heap History (20 events):
Event: 11.606 GC heap before
{Heap before GC invocations=12 (full 0):
 garbage-first heap   total 647168K, used 437742K [0x0000000648000000, 0x0000000800000000)
  region size 4096K, 76 young (311296K), 4 survivors (16384K)
 Metaspace       used 35019K, committed 35776K, reserved 1114112K
  class space    used 4176K, committed 4544K, reserved 1048576K
}
Event: 11.681 GC heap after
{Heap after GC invocations=13 (full 0):
 garbage-first heap   total 647168K, used 184777K [0x0000000648000000, 0x0000000800000000)
  region size 4096K, 10 young (40960K), 10 survivors (40960K)
 Metaspace       used 35019K, committed 35776K, reserved 1114112K
  class space    used 4176K, committed 4544K, reserved 1048576K
}
Event: 11.714 GC heap before
{Heap before GC invocations=13 (full 0):
 garbage-first heap   total 647168K, used 188873K [0x0000000648000000, 0x0000000800000000)
  region size 4096K, 12 young (49152K), 10 survivors (40960K)
 Metaspace       used 35421K, committed 36096K, reserved 1114112K
  class space    used 4210K, committed 4544K, reserved 1048576K
}
Event: 11.727 GC heap after
{Heap after GC invocations=14 (full 0):
 garbage-first heap   total 647168K, used 185639K [0x0000000648000000, 0x0000000800000000)
  region size 4096K, 1 young (4096K), 1 survivors (4096K)
 Metaspace       used 35421K, committed 36096K, reserved 1114112K
  class space    used 4210K, committed 4544K, reserved 1048576K
}
Event: 12.635 GC heap before
{Heap before GC invocations=15 (full 0):
 garbage-first heap   total 647168K, used 451879K [0x0000000648000000, 0x0000000800000000)
  region size 4096K, 66 young (270336K), 1 survivors (4096K)
 Metaspace       used 36884K, committed 37888K, reserved 1114112K
  class space    used 4456K, committed 4864K, reserved 1048576K
}
Event: 12.659 GC heap after
{Heap after GC invocations=16 (full 0):
 garbage-first heap   total 647168K, used 186959K [0x0000000648000000, 0x0000000800000000)
  region size 4096K, 1 young (4096K), 1 survivors (4096K)
 Metaspace       used 36884K, committed 37888K, reserved 1114112K
  class space    used 4456K, committed 4864K, reserved 1048576K
}
Event: 13.373 GC heap before
{Heap before GC invocations=17 (full 0):
 garbage-first heap   total 647168K, used 477775K [0x0000000648000000, 0x0000000800000000)
  region size 4096K, 72 young (294912K), 1 survivors (4096K)
 Metaspace       used 36913K, committed 37888K, reserved 1114112K
  class space    used 4456K, committed 4864K, reserved 1048576K
}
Event: 13.399 GC heap after
{Heap after GC invocations=18 (full 0):
 garbage-first heap   total 647168K, used 187914K [0x0000000648000000, 0x0000000800000000)
  region size 4096K, 1 young (4096K), 1 survivors (4096K)
 Metaspace       used 36913K, committed 37888K, reserved 1114112K
  class space    used 4456K, committed 4864K, reserved 1048576K
}
Event: 15.317 GC heap before
{Heap before GC invocations=18 (full 0):
 garbage-first heap   total 647168K, used 499210K [0x0000000648000000, 0x0000000800000000)
  region size 4096K, 77 young (315392K), 1 survivors (4096K)
 Metaspace       used 37194K, committed 38208K, reserved 1114112K
  class space    used 4488K, committed 4928K, reserved 1048576K
}
Event: 15.363 GC heap after
{Heap after GC invocations=19 (full 0):
 garbage-first heap   total 1085440K, used 195537K [0x0000000648000000, 0x0000000800000000)
  region size 4096K, 3 young (12288K), 3 survivors (12288K)
 Metaspace       used 37194K, committed 38208K, reserved 1114112K
  class space    used 4488K, committed 4928K, reserved 1048576K
}
Event: 18.507 GC heap before
{Heap before GC invocations=19 (full 0):
 garbage-first heap   total 1085440K, used 834513K [0x0000000648000000, 0x0000000800000000)
  region size 4096K, 159 young (651264K), 3 survivors (12288K)
 Metaspace       used 39750K, committed 40768K, reserved 1114112K
  class space    used 4846K, committed 5312K, reserved 1048576K
}
Event: 18.560 GC heap after
{Heap after GC invocations=20 (full 0):
 garbage-first heap   total 1085440K, used 214533K [0x0000000648000000, 0x0000000800000000)
  region size 4096K, 8 young (32768K), 8 survivors (32768K)
 Metaspace       used 39750K, committed 40768K, reserved 1114112K
  class space    used 4846K, committed 5312K, reserved 1048576K
}
Event: 20.351 GC heap before
{Heap before GC invocations=20 (full 0):
 garbage-first heap   total 1085440K, used 833029K [0x0000000648000000, 0x0000000800000000)
  region size 4096K, 159 young (651264K), 8 survivors (32768K)
 Metaspace       used 42382K, committed 43712K, reserved 1114112K
  class space    used 5169K, committed 5760K, reserved 1048576K
}
Event: 20.391 GC heap after
{Heap after GC invocations=21 (full 0):
 garbage-first heap   total 1085440K, used 235255K [0x0000000648000000, 0x0000000800000000)
  region size 4096K, 13 young (53248K), 13 survivors (53248K)
 Metaspace       used 42382K, committed 43712K, reserved 1114112K
  class space    used 5169K, committed 5760K, reserved 1048576K
}
Event: 21.713 GC heap before
{Heap before GC invocations=21 (full 0):
 garbage-first heap   total 1085440K, used 829175K [0x0000000648000000, 0x0000000800000000)
  region size 4096K, 159 young (651264K), 13 survivors (53248K)
 Metaspace       used 43345K, committed 44608K, reserved 1114112K
  class space    used 5220K, committed 5760K, reserved 1048576K
}
Event: 21.767 GC heap after
{Heap after GC invocations=22 (full 0):
 garbage-first heap   total 1085440K, used 261840K [0x0000000648000000, 0x0000000800000000)
  region size 4096K, 17 young (69632K), 17 survivors (69632K)
 Metaspace       used 43345K, committed 44608K, reserved 1114112K
  class space    used 5220K, committed 5760K, reserved 1048576K
}
Event: 23.454 GC heap before
{Heap before GC invocations=22 (full 0):
 garbage-first heap   total 1085440K, used 843472K [0x0000000648000000, 0x0000000800000000)
  region size 4096K, 159 young (651264K), 17 survivors (69632K)
 Metaspace       used 43372K, committed 44608K, reserved 1114112K
  class space    used 5221K, committed 5760K, reserved 1048576K
}
Event: 23.530 GC heap after
{Heap after GC invocations=23 (full 0):
 garbage-first heap   total 1085440K, used 268350K [0x0000000648000000, 0x0000000800000000)
  region size 4096K, 9 young (36864K), 9 survivors (36864K)
 Metaspace       used 43372K, committed 44608K, reserved 1114112K
  class space    used 5221K, committed 5760K, reserved 1048576K
}
Event: 25.046 GC heap before
{Heap before GC invocations=23 (full 0):
 garbage-first heap   total 1085440K, used 882750K [0x0000000648000000, 0x0000000800000000)
  region size 4096K, 159 young (651264K), 9 survivors (36864K)
 Metaspace       used 43834K, committed 45056K, reserved 1114112K
  class space    used 5262K, committed 5824K, reserved 1048576K
}
Event: 25.097 GC heap after
{Heap after GC invocations=24 (full 0):
 garbage-first heap   total 1085440K, used 284653K [0x0000000648000000, 0x0000000800000000)
  region size 4096K, 13 young (53248K), 13 survivors (53248K)
 Metaspace       used 43834K, committed 45056K, reserved 1114112K
  class space    used 5262K, committed 5824K, reserved 1048576K
}

Dll operation events (11 events):
Event: 0.011 Loaded shared library /Users/noalev/Documents/curseforge/minecraft/Install/java/java-runtime-gamma/Contents/Home/lib/libjava.dylib
Event: 0.060 Loaded shared library /Users/noalev/Documents/curseforge/minecraft/Install/java/java-runtime-gamma/Contents/Home/lib/libnio.dylib
Event: 0.122 Loaded shared library /Users/noalev/Documents/curseforge/minecraft/Install/java/java-runtime-gamma/Contents/Home/lib/libzip.dylib
Event: 0.210 Loaded shared library /Users/noalev/Documents/curseforge/minecraft/Install/java/java-runtime-gamma/Contents/Home/lib/libjimage.dylib
Event: 0.360 Loaded shared library /Users/noalev/Documents/curseforge/minecraft/Install/java/java-runtime-gamma/Contents/Home/lib/libnet.dylib
Event: 0.564 Loaded shared library /Users/noalev/Documents/curseforge/minecraft/Install/java/java-runtime-gamma/Contents/Home/lib/libverify.dylib
Event: 5.108 Loaded shared library /Users/noalev/Documents/curseforge/minecraft/Install/java/java-runtime-gamma/Contents/Home/lib/libmanagement.dylib
Event: 5.116 Loaded shared library /Users/noalev/Documents/curseforge/minecraft/Install/java/java-runtime-gamma/Contents/Home/lib/libmanagement_ext.dylib
Event: 7.348 Loaded shared library /Users/noalev/Documents/curseforge/minecraft/Install/natives/forge-47.4.10/liblwjgl.dylib
Event: 8.730 Loaded shared library /Users/noalev/Documents/curseforge/minecraft/Install/natives/forge-47.4.10/liblwjgl_opengl.dylib
Event: 8.993 Loaded shared library /Users/noalev/Documents/curseforge/minecraft/Install/natives/forge-47.4.10/liblwjgl_stb.dylib

Deoptimization events (20 events):
Event: 25.983 Thread 0x000000012400d200 DEOPT PACKING pc=0x0000000137de6ca4 sp=0x000000016b3b3110
Event: 25.983 Thread 0x000000012400d200 DEOPT UNPACKING pc=0x000000013757b91c sp=0x000000016b3b30b0 mode 2
Event: 25.984 Thread 0x000000012400d200 DEOPT PACKING pc=0x0000000130ac8c64 sp=0x000000016b3b3040
Event: 25.984 Thread 0x000000012400d200 DEOPT UNPACKING pc=0x000000013757b77c sp=0x000000016b3b2d60 mode 0
Event: 25.988 Thread 0x000000012400d200 DEOPT PACKING pc=0x0000000130ac8c64 sp=0x000000016b3b3050
Event: 25.988 Thread 0x000000012400d200 DEOPT UNPACKING pc=0x000000013757b77c sp=0x000000016b3b2d70 mode 0
Event: 26.001 Thread 0x000000012400d200 DEOPT PACKING pc=0x0000000130ac8c64 sp=0x000000016b3b2470
Event: 26.001 Thread 0x000000012400d200 DEOPT UNPACKING pc=0x000000013757b77c sp=0x000000016b3b2190 mode 0
Event: 26.002 Thread 0x000000012400d200 DEOPT PACKING pc=0x0000000130b34708 sp=0x000000016b3b2920
Event: 26.002 Thread 0x000000012400d200 DEOPT UNPACKING pc=0x000000013757b77c sp=0x000000016b3b2620 mode 0
Event: 26.003 Thread 0x000000012400d200 DEOPT PACKING pc=0x0000000130ac8c64 sp=0x000000016b3b24c0
Event: 26.003 Thread 0x000000012400d200 DEOPT UNPACKING pc=0x000000013757b77c sp=0x000000016b3b21e0 mode 0
Event: 26.004 Thread 0x000000012400d200 DEOPT PACKING pc=0x0000000130ac8c64 sp=0x000000016b3b25d0
Event: 26.004 Thread 0x000000012400d200 DEOPT UNPACKING pc=0x000000013757b77c sp=0x000000016b3b22f0 mode 0
Event: 26.010 Thread 0x000000012400d200 DEOPT PACKING pc=0x0000000130ac8c64 sp=0x000000016b3b3380
Event: 26.010 Thread 0x000000012400d200 DEOPT UNPACKING pc=0x000000013757b77c sp=0x000000016b3b3090 mode 0
Event: 26.013 Thread 0x000000012400d200 DEOPT PACKING pc=0x0000000130ac8c64 sp=0x000000016b3b30a0
Event: 26.014 Thread 0x000000012400d200 DEOPT UNPACKING pc=0x000000013757b77c sp=0x000000016b3b2db0 mode 0
Event: 26.015 Thread 0x000000012400d200 DEOPT PACKING pc=0x0000000130ac8c64 sp=0x000000016b3b3290
Event: 26.015 Thread 0x000000012400d200 DEOPT UNPACKING pc=0x000000013757b77c sp=0x000000016b3b2fa0 mode 0

Classes unloaded (0 events):
No events

Classes redefined (0 events):
No events

Internal exceptions (20 events):
Event: 19.300 Thread 0x000000012400d200 Exception <a 'java/lang/NoSuchMethodError'{0x000000067bbaad90}: 'void java.lang.invoke.DirectMethodHandle$Holder.invokeStatic(java.lang.Object, java.lang.Object, int)'> (0x000000067bbaad90) 
thrown [src/hotspot/share/interpreter/linkResolver.cpp, line 759]
Event: 19.308 Thread 0x000000012400d200 Exception <a 'java/lang/NoSuchMethodError'{0x000000067bbf8870}: 'double java.lang.invoke.DelegatingMethodHandle$Holder.delegate(java.lang.Object, java.lang.Object)'> (0x000000067bbf8870) 
thrown [src/hotspot/share/interpreter/linkResolver.cpp, line 759]
Event: 19.328 Thread 0x000000012400d200 Exception <a 'java/lang/NoSuchMethodError'{0x000000067ae66800}: 'int java.lang.invoke.DelegatingMethodHandle$Holder.delegate(java.lang.Object, double)'> (0x000000067ae66800) 
thrown [src/hotspot/share/interpreter/linkResolver.cpp, line 759]
Event: 19.329 Thread 0x000000012400d200 Exception <a 'java/lang/NoSuchMethodError'{0x000000067ae6a280}: 'int java.lang.invoke.DelegatingMethodHandle$Holder.delegate(java.lang.Object, java.lang.Object, java.lang.Object, java.lang.Object, java.lang.Object)'> (0x000000067ae6a280) 
thrown [src/hotspot/share/interpreter/linkResolver.cpp, line 759]
Event: 19.603 Thread 0x000000012400d200 Exception <a 'java/lang/NoSuchMethodError'{0x0000000677dacf98}: 'java.lang.Object java.lang.invoke.Invokers$Holder.exactInvoker(java.lang.Object, java.lang.Object, java.lang.Object, java.lang.Object, java.lang.Object, java.lang.Object, java.lang.Object, int)'> (0x0000000677dacf98) 
thrown [src/hotspot/share/interpreter/linkResolver.cpp, line 759]
Event: 19.603 Thread 0x000000012400d200 Exception <a 'java/lang/NoSuchMethodError'{0x0000000677db23b8}: 'java.lang.Object java.lang.invoke.DirectMethodHandle$Holder.invokeSpecial(java.lang.Object, java.lang.Object, java.lang.Object, java.lang.Object, java.lang.Object, java.lang.Object, java.lang.Object, java.lang.Object, int)'> (0x0000000677db23b8) 
thrown [src/hotspot/share/interpreter/linkResolver.cpp, line 759]
Event: 19.603 Thread 0x000000012400d200 Exception <a 'java/lang/NoSuchMethodError'{0x0000000677db7150}: 'java.lang.Object java.lang.invoke.DelegatingMethodHandle$Holder.delegate(java.lang.Object, java.lang.Object, java.lang.Object, java.lang.Object, java.lang.Object, java.lang.Object, java.lang.Object, int)'> (0x0000000677db7150) 
thrown [src/hotspot/share/interpreter/linkResolver.cpp, line 759]
Event: 19.604 Thread 0x000000012400d200 Exception <a 'java/lang/NoSuchMethodError'{0x0000000677dc4940}: 'java.lang.Object java.lang.invoke.Invokers$Holder.linkToCallSite(java.lang.Object, java.lang.Object, java.lang.Object, java.lang.Object, java.lang.Object, int, java.lang.Object)'> (0x0000000677dc4940) 
thrown [src/hotspot/share/interpreter/linkResolver.cpp, line 759]
Event: 19.604 Thread 0x000000012400d200 Exception <a 'java/lang/NoSuchMethodError'{0x0000000677dca268}: 'java.lang.Object java.lang.invoke.DirectMethodHandle$Holder.newInvokeSpecial(java.lang.Object, int, java.lang.Object, java.lang.Object, java.lang.Object)'> (0x0000000677dca268) 
thrown [src/hotspot/share/interpreter/linkResolver.cpp, line 759]
Event: 19.604 Thread 0x000000012400d200 Exception <a 'java/lang/NoSuchMethodError'{0x0000000677dcea20}: 'java.lang.Object java.lang.invoke.DirectMethodHandle$Holder.newInvokeSpecial(java.lang.Object, int, java.lang.Object, java.lang.Object, java.lang.Object, int)'> (0x0000000677dcea20) 
thrown [src/hotspot/share/interpreter/linkResolver.cpp, line 759]
Event: 19.605 Thread 0x000000012400d200 Exception <a 'java/lang/NoSuchMethodError'{0x0000000677dd2d40}: 'java.lang.Object java.lang.invoke.DirectMethodHandle$Holder.invokeSpecial(java.lang.Object, java.lang.Object, int, java.lang.Object, java.lang.Object, java.lang.Object, int)'> (0x0000000677dd2d40) 
thrown [src/hotspot/share/interpreter/linkResolver.cpp, line 759]
Event: 19.605 Thread 0x000000012400d200 Exception <a 'java/lang/NoSuchMethodError'{0x0000000677dd6b98}: 'java.lang.Object java.lang.invoke.DelegatingMethodHandle$Holder.reinvoke_L(java.lang.Object, int, java.lang.Object, java.lang.Object, java.lang.Object, int)'> (0x0000000677dd6b98) 
thrown [src/hotspot/share/interpreter/linkResolver.cpp, line 759]
Event: 19.609 Thread 0x000000012400d200 Exception <a 'java/lang/NoSuchMethodError'{0x000000067700f938}: 'java.lang.Object java.lang.invoke.Invokers$Holder.exactInvoker(java.lang.Object, java.lang.Object, java.lang.Object, java.lang.Object, java.lang.Object, java.lang.Object)'> (0x000000067700f938) 
thrown [src/hotspot/share/interpreter/linkResolver.cpp, line 759]
Event: 20.026 Thread 0x000000012400d200 Exception <a 'java/lang/NoSuchMethodError'{0x000000066da232e0}: 'java.lang.Object java.lang.invoke.Invokers$Holder.exactInvoker(java.lang.Object, java.lang.Object, java.lang.Object, java.lang.Object, int)'> (0x000000066da232e0) 
thrown [src/hotspot/share/interpreter/linkResolver.cpp, line 759]
Event: 20.027 Thread 0x000000012400d200 Exception <a 'java/lang/NoSuchMethodError'{0x000000066da27e10}: 'java.lang.Object java.lang.invoke.DelegatingMethodHandle$Holder.delegate(java.lang.Object, java.lang.Object, java.lang.Object, java.lang.Object, int)'> (0x000000066da27e10) 
thrown [src/hotspot/share/interpreter/linkResolver.cpp, line 759]
Event: 20.028 Thread 0x000000012400d200 Exception <a 'java/lang/NoSuchMethodError'{0x000000066da34438}: 'java.lang.Object java.lang.invoke.Invokers$Holder.linkToCallSite(java.lang.Object, java.lang.Object, int, java.lang.Object)'> (0x000000066da34438) 
thrown [src/hotspot/share/interpreter/linkResolver.cpp, line 759]
Event: 20.036 Thread 0x000000012400d200 Exception <a 'java/lang/NoSuchMethodError'{0x000000066daaef20}: 'void java.lang.invoke.Invokers$Holder.exactInvoker(java.lang.Object, java.lang.Object, java.lang.Object, java.lang.Object, java.lang.Object)'> (0x000000066daaef20) 
thrown [src/hotspot/share/interpreter/linkResolver.cpp, line 759]
Event: 24.204 Thread 0x000000012400d200 Exception <a 'java/lang/NoSuchMethodError'{0x000000067dec1738}: 'java.lang.Object java.lang.invoke.DirectMethodHandle$Holder.newInvokeSpecial(java.lang.Object, java.lang.Object, java.lang.Object, java.lang.Object, java.lang.Object, java.lang.Object)'> (0x000000067dec1738) 
thrown [src/hotspot/share/interpreter/linkResolver.cpp, line 759]
Event: 24.221 Thread 0x000000012400d200 Implicit null exception at 0x0000000137e44b3c to 0x0000000137e4561c
Event: 25.272 Thread 0x000000012400d200 Exception <a 'java/lang/NoSuchMethodError'{0x0000000683f09f10}: 'java.lang.Object java.lang.invoke.DirectMethodHandle$Holder.newInvokeSpecial(java.lang.Object, int, java.lang.Object, int, java.lang.Object)'> (0x0000000683f09f10) 
thrown [src/hotspot/share/interpreter/linkResolver.cpp, line 759]

VM Operations (20 events):
Event: 23.454 Executing VM operation: G1CollectForAllocation
Event: 23.532 Executing VM operation: G1CollectForAllocation done
Event: 24.539 Executing VM operation: Cleanup
Event: 24.541 Executing VM operation: Cleanup done
Event: 25.044 Executing VM operation: G1CollectForAllocation
Event: 25.045 Executing VM operation: G1CollectForAllocation done
Event: 25.045 Executing VM operation: G1CollectForAllocation
Event: 25.097 Executing VM operation: G1CollectForAllocation done
Event: 25.155 Executing VM operation: HandshakeAllThreads
Event: 25.155 Executing VM operation: HandshakeAllThreads done
Event: 25.156 Executing VM operation: HandshakeAllThreads
Event: 25.156 Executing VM operation: HandshakeAllThreads done
Event: 25.232 Executing VM operation: HandshakeAllThreads
Event: 25.233 Executing VM operation: HandshakeAllThreads done
Event: 25.238 Executing VM operation: HandshakeAllThreads
Event: 25.239 Executing VM operation: HandshakeAllThreads done
Event: 25.268 Executing VM operation: ICBufferFull
Event: 25.268 Executing VM operation: ICBufferFull done
Event: 25.894 Executing VM operation: ICBufferFull
Event: 25.913 Executing VM operation: ICBufferFull done

Events (20 events):
Event: 25.154 loading class java/lang/CharacterData00
Event: 25.154 loading class java/lang/CharacterData00 done
Event: 25.157 loading class java/text/DontCareFieldPosition
Event: 25.157 loading class java/text/DontCareFieldPosition done
Event: 25.157 loading class java/text/DontCareFieldPosition$1
Event: 25.157 loading class java/text/Format$FieldDelegate
Event: 25.157 loading class java/text/Format$FieldDelegate done
Event: 25.157 loading class java/text/DontCareFieldPosition$1 done
Event: 25.157 loading class java/text/DigitList$1
Event: 25.157 loading class java/text/DigitList$1 done
Event: 25.157 loading class java/text/NumberFormat$Field
Event: 25.157 loading class java/text/Format$Field
Event: 25.157 loading class java/text/AttributedCharacterIterator$Attribute
Event: 25.157 loading class java/text/AttributedCharacterIterator$Attribute done
Event: 25.157 loading class java/text/Format$Field done
Event: 25.157 loading class java/text/NumberFormat$Field done
Event: 25.172 loading class java/lang/annotation/Repeatable
Event: 25.172 loading class java/lang/annotation/Repeatable done
Event: 25.176 loading class java/lang/ClassFormatError
Event: 25.176 loading class java/lang/ClassFormatError done


Dynamic libraries:
0x0000000104a78000 	/Users/noalev/Documents/curseforge/minecraft/Install/java/java-runtime-gamma/Contents/Home/lib/libjli.dylib
0x000000019b798000 	/usr/lib/libz.1.dylib
0x000000019b84e000 	/usr/lib/libSystem.B.dylib
0x000000019b848000 	/usr/lib/system/libcache.dylib
0x000000019b803000 	/usr/lib/system/libcommonCrypto.dylib
0x000000019b82e000 	/usr/lib/system/libcompiler_rt.dylib
0x000000019b823000 	/usr/lib/system/libcopyfile.dylib
0x000000018b736000 	/usr/lib/system/libcorecrypto.dylib
0x000000018b836000 	/usr/lib/system/libdispatch.dylib
0x000000018b5d3000 	/usr/lib/system/libdyld.dylib
0x000000019b83e000 	/usr/lib/system/libkeymgr.dylib
0x000000019b7e6000 	/usr/lib/system/libmacho.dylib
0x000000019aa79000 	/usr/lib/system/libquarantine.dylib
0x000000019b83b000 	/usr/lib/system/libremovefile.dylib
0x00000001921a9000 	/usr/lib/system/libsystem_asl.dylib
0x000000018b6bc000 	/usr/lib/system/libsystem_blocks.dylib
0x000000018b881000 	/usr/lib/system/libsystem_c.dylib
0x000000019b832000 	/usr/lib/system/libsystem_collections.dylib
0x0000000199419000 	/usr/lib/system/libsystem_configuration.dylib
0x0000000198007000 	/usr/lib/system/libsystem_containermanager.dylib
0x000000019b218000 	/usr/lib/system/libsystem_coreservices.dylib
0x000000018f9d0000 	/usr/lib/system/libsystem_darwin.dylib
0x0000000291424000 	/usr/lib/system/libsystem_darwindirectory.dylib
0x000000019b83f000 	/usr/lib/system/libsystem_dnssd.dylib
0x0000000291428000 	/usr/lib/system/libsystem_eligibility.dylib
0x000000018b87e000 	/usr/lib/system/libsystem_featureflags.dylib
0x000000018ba03000 	/usr/lib/system/libsystem_info.dylib
0x000000019b7a7000 	/usr/lib/system/libsystem_m.dylib
0x000000018b7e5000 	/usr/lib/system/libsystem_malloc.dylib
0x000000019210c000 	/usr/lib/system/libsystem_networkextension.dylib
0x000000018fe3b000 	/usr/lib/system/libsystem_notify.dylib
0x000000019941e000 	/usr/lib/system/libsystem_sandbox.dylib
0x0000000291433000 	/usr/lib/system/libsystem_sanitizers.dylib
0x000000019b837000 	/usr/lib/system/libsystem_secinit.dylib
0x000000018b9af000 	/usr/lib/system/libsystem_kernel.dylib
0x000000018b9fa000 	/usr/lib/system/libsystem_platform.dylib
0x000000018b9ed000 	/usr/lib/system/libsystem_pthread.dylib
0x0000000193d62000 	/usr/lib/system/libsystem_symptoms.dylib
0x000000018b715000 	/usr/lib/system/libsystem_trace.dylib
0x000000029143b000 	/usr/lib/system/libsystem_trial.dylib
0x000000019b811000 	/usr/lib/system/libunwind.dylib
0x000000018b6c0000 	/usr/lib/system/libxpc.dylib
0x000000018b580000 	/usr/lib/libobjc.A.dylib
0x000000018ba33000 	/System/Library/Frameworks/CoreFoundation.framework/Versions/A/CoreFoundation
0x000000019f143000 	/usr/lib/swift/libswiftCore.dylib
0x000000018b994000 	/usr/lib/libc++abi.dylib
0x000000028f811000 	/usr/lib/libRosetta.dylib
0x000000018b903000 	/usr/lib/libc++.1.dylib
0x000000018d2a2000 	/System/Library/Frameworks/Foundation.framework/Versions/C/Foundation
0x00000001a8d23000 	/usr/lib/swift/libswiftObjectiveC.dylib
0x0000000290c8d000 	/usr/lib/libswiftPrespecialized.dylib
0x000000018cf11000 	/System/Library/Frameworks/SystemConfiguration.framework/Versions/A/SystemConfiguration
0x0000000196283000 	/System/Library/PrivateFrameworks/CoreAutoLayout.framework/Versions/A/CoreAutoLayout
0x000000019b850000 	/usr/lib/libfakelink.dylib
0x000000019baf9000 	/usr/lib/libcompression.dylib
0x0000000191d56000 	/System/Library/Frameworks/CFNetwork.framework/Versions/A/CFNetwork
0x00000001956b4000 	/System/Library/Frameworks/DiskArbitration.framework/Versions/A/DiskArbitration
0x000000019b8a3000 	/usr/lib/libarchive.2.dylib
0x00000001955b9000 	/usr/lib/libDiagnosticMessagesClient.dylib
0x000000018f6fa000 	/usr/lib/libicucore.A.dylib
0x00000001962cc000 	/usr/lib/libxml2.2.dylib
0x00000001a3fd2000 	/System/Library/Frameworks/CoreServices.framework/Versions/A/CoreServices
0x000000019942c000 	/usr/lib/liblangid.dylib
0x000000018fd52000 	/System/Library/Frameworks/IOKit.framework/Versions/A/IOKit
0x00000001a1c44000 	/System/Library/Frameworks/Combine.framework/Versions/A/Combine
0x0000000244b73000 	/System/Library/PrivateFrameworks/CollectionsInternal.framework/Versions/A/CollectionsInternal
0x0000000270bb9000 	/System/Library/PrivateFrameworks/ReflectionInternal.framework/Versions/A/ReflectionInternal
0x0000000271b0d000 	/System/Library/PrivateFrameworks/RuntimeInternal.framework/Versions/A/RuntimeInternal
0x000000019b852000 	/System/Library/PrivateFrameworks/SoftLinking.framework/Versions/A/SoftLinking
0x00000001b940c000 	/usr/lib/swift/libswiftCoreFoundation.dylib
0x00000001b61cf000 	/usr/lib/swift/libswiftDarwin.dylib
0x00000001a5d49000 	/usr/lib/swift/libswiftDispatch.dylib
0x00000001b946d000 	/usr/lib/swift/libswiftIOKit.dylib
0x00000002910d0000 	/usr/lib/swift/libswiftSystem.dylib
0x00000001b941f000 	/usr/lib/swift/libswiftXPC.dylib
0x0000000291102000 	/usr/lib/swift/libswift_Builtin_float.dylib
0x0000000291103000 	/usr/lib/swift/libswift_Concurrency.dylib
0x000000029118f000 	/usr/lib/swift/libswift_DarwinFoundation1.dylib
0x0000000291233000 	/usr/lib/swift/libswift_StringProcessing.dylib
0x00000001a8d27000 	/usr/lib/swift/libswiftos.dylib
0x000000018fcd2000 	/System/Library/PrivateFrameworks/CoreServicesInternal.framework/Versions/A/CoreServicesInternal
0x000000019b81b000 	/usr/lib/liboah.dylib
0x000000018f2da000 	/System/Library/Frameworks/Security.framework/Versions/A/Security
0x00000001a8157000 	/System/Library/PrivateFrameworks/DiskImages.framework/Versions/A/DiskImages
0x00000001b5c73000 	/System/Library/Frameworks/NetFS.framework/Versions/A/NetFS
0x0000000196248000 	/System/Library/Frameworks/CoreServices.framework/Versions/A/Frameworks/FSEvents.framework/Versions/A/FSEvents
0x000000018f9da000 	/System/Library/Frameworks/CoreServices.framework/Versions/A/Frameworks/CarbonCore.framework/Versions/A/CarbonCore
0x0000000195628000 	/System/Library/Frameworks/CoreServices.framework/Versions/A/Frameworks/Metadata.framework/Versions/A/Metadata
0x000000019b21f000 	/System/Library/Frameworks/CoreServices.framework/Versions/A/Frameworks/OSServices.framework/Versions/A/OSServices
0x000000019b99b000 	/System/Library/Frameworks/CoreServices.framework/Versions/A/Frameworks/SearchKit.framework/Versions/A/SearchKit
0x0000000193cdc000 	/System/Library/Frameworks/CoreServices.framework/Versions/A/Frameworks/AE.framework/Versions/A/AE
0x000000018bf92000 	/System/Library/Frameworks/CoreServices.framework/Versions/A/Frameworks/LaunchServices.framework/Versions/A/LaunchServices
0x000000019cda4000 	/System/Library/Frameworks/CoreServices.framework/Versions/A/Frameworks/DictionaryServices.framework/Versions/A/DictionaryServices
0x0000000196255000 	/System/Library/Frameworks/CoreServices.framework/Versions/A/Frameworks/SharedFileList.framework/Versions/A/SharedFileList
0x000000019ba2e000 	/usr/lib/libapple_nghttp2.dylib
0x00000001938f8000 	/usr/lib/libsqlite3.dylib
0x0000000193ae1000 	/System/Library/Frameworks/Accounts.framework/Versions/A/Accounts
0x00000001a8399000 	/System/Library/PrivateFrameworks/AppSupport.framework/Versions/A/AppSupport
0x00000001b81be000 	/System/Library/Frameworks/AVFoundation.framework/Versions/A/AVFoundation
0x0000000195589000 	/System/Library/PrivateFrameworks/CoreAnalytics.framework/Versions/A/CoreAnalytics
0x000000019279c000 	/System/Library/Frameworks/CoreGraphics.framework/Versions/A/CoreGraphics
0x000000019fe7e000 	/System/Library/Frameworks/GSS.framework/Versions/A/GSS
0x000000019e266000 	/System/Library/PrivateFrameworks/InternationalSupport.framework/Versions/A/InternationalSupport
0x0000000193c70000 	/System/Library/PrivateFrameworks/RunningBoardServices.framework/Versions/A/RunningBoardServices
0x00000001a8cab000 	/System/Library/PrivateFrameworks/StreamingZip.framework/Versions/A/StreamingZip
0x0000000192127000 	/usr/lib/libenergytrace.dylib
0x0000000193d6b000 	/System/Library/Frameworks/Network.framework/Versions/A/Network
0x000000019aaa1000 	/usr/lib/libbsm.0.dylib
0x000000019b7ea000 	/usr/lib/system/libkxld.dylib
0x0000000240145000 	/System/Library/PrivateFrameworks/AppleKeyStore.framework/Versions/A/AppleKeyStore
0x000000028f513000 	/usr/lib/libCoreEntitlements.dylib
0x0000000265285000 	/System/Library/PrivateFrameworks/MessageSecurity.framework/Versions/A/MessageSecurity
0x00000001938dc000 	/System/Library/PrivateFrameworks/ProtocolBuffer.framework/Versions/A/ProtocolBuffer
0x00000001a5158000 	/System/Library/PrivateFrameworks/SymptomDiagnosticReporter.framework/Versions/A/SymptomDiagnosticReporter
0x000000019cfe9000 	/System/Library/PrivateFrameworks/CrashReporterSupport.framework/Versions/A/CrashReporterSupport
0x0000000192129000 	/usr/lib/libMobileGestalt.dylib
0x000000019b1ff000 	/System/Library/PrivateFrameworks/AppleFSCompression.framework/Versions/A/AppleFSCompression
0x000000019aa89000 	/usr/lib/libcoretls.dylib
0x000000019ce1a000 	/usr/lib/libcoretls_cfhelpers.dylib
0x000000019baf3000 	/usr/lib/libpam.2.dylib
0x000000019ce90000 	/usr/lib/libxar.1.dylib
0x000000019ce1c000 	/System/Library/PrivateFrameworks/APFS.framework/Versions/A/APFS
0x000000027d293000 	/System/Library/PrivateFrameworks/SwiftASN1Internal.framework/Versions/A/SwiftASN1Internal
0x000000019ce9f000 	/usr/lib/libutil.dylib
0x0000000199427000 	/System/Library/PrivateFrameworks/AppleSystemInfo.framework/Versions/A/AppleSystemInfo
0x000000019a750000 	/System/Library/PrivateFrameworks/IOMobileFramebuffer.framework/Versions/A/IOMobileFramebuffer
0x0000000198040000 	/System/Library/Frameworks/IOSurface.framework/Versions/A/IOSurface
0x00000001a7ab7000 	/System/Library/PrivateFrameworks/CoreWiFi.framework/Versions/A/CoreWiFi
0x00000001b92cc000 	/System/Library/PrivateFrameworks/LoggingSupport.framework/Versions/A/LoggingSupport
0x000000019fee1000 	/System/Library/PrivateFrameworks/MobileAsset.framework/Versions/A/MobileAsset
0x00000001a5168000 	/System/Library/PrivateFrameworks/PowerLog.framework/Versions/A/PowerLog
0x00000001a662a000 	/System/Library/PrivateFrameworks/Rapport.framework/Versions/A/Rapport
0x0000000238cee000 	/System/Library/Frameworks/SwiftData.framework/Versions/A/SwiftData
0x000000019178a000 	/System/Library/Frameworks/UniformTypeIdentifiers.framework/Versions/A/UniformTypeIdentifiers
0x0000000196475000 	/System/Library/PrivateFrameworks/UserManagement.framework/Versions/A/UserManagement
0x0000000191c7d000 	/usr/lib/libboringssl.dylib
0x0000000193d50000 	/usr/lib/libdns_services.dylib
0x00000001b82f2000 	/usr/lib/libquic.dylib
0x000000019f0d4000 	/usr/lib/libusrtcp.dylib
0x0000000240fff000 	/System/Library/PrivateFrameworks/AtomicsInternal.framework/Versions/A/AtomicsInternal
0x00000001df6b2000 	/System/Library/PrivateFrameworks/InternalSwiftProtobuf.framework/Versions/A/InternalSwiftProtobuf
0x0000000290f57000 	/usr/lib/swift/libswiftDistributed.dylib
0x0000000290f80000 	/usr/lib/swift/libswiftObservation.dylib
0x00000002910bc000 	/usr/lib/swift/libswiftSynchronization.dylib
0x0000000199425000 	/System/Library/PrivateFrameworks/AggregateDictionary.framework/Versions/A/AggregateDictionary
0x000000024182f000 	/System/Library/PrivateFrameworks/BiomeLibrary.framework/Versions/A/BiomeLibrary
0x00000001c8455000 	/System/Library/PrivateFrameworks/BiomeStreams.framework/Versions/A/BiomeStreams
0x00000001c44a4000 	/System/Library/PrivateFrameworks/BiomeFoundation.framework/Versions/A/BiomeFoundation
0x00000001ce702000 	/System/Library/PrivateFrameworks/BiomePubSub.framework/Versions/A/BiomePubSub
0x00000001934ee000 	/System/Library/Frameworks/CoreData.framework/Versions/A/CoreData
0x00000001a9c8e000 	/System/Library/PrivateFrameworks/ProactiveSupport.framework/Versions/A/ProactiveSupport
0x000000023ad4c000 	/System/Library/Frameworks/_LocationEssentials.framework/Versions/A/_LocationEssentials
0x000000019cdfb000 	/usr/lib/liblzma.5.dylib
0x00000001a4251000 	/System/Library/Frameworks/Accelerate.framework/Versions/A/Accelerate
0x000000019a982000 	/System/Library/PrivateFrameworks/MobileKeyBag.framework/Versions/A/MobileKeyBag
0x00000001a86ad000 	/System/Library/PrivateFrameworks/InternationalTextSearch.framework/Versions/A/InternationalTextSearch
0x00000001c0977000 	/System/Library/PrivateFrameworks/SoftwareUpdateCoreSupport.framework/Versions/A/SoftwareUpdateCoreSupport
0x00000001c8ef4000 	/System/Library/PrivateFrameworks/SoftwareUpdateCoreConnect.framework/Versions/A/SoftwareUpdateCoreConnect
0x00000001a8251000 	/System/Library/PrivateFrameworks/RemoteServiceDiscovery.framework/Versions/A/RemoteServiceDiscovery
0x00000001c054e000 	/System/Library/PrivateFrameworks/MSUDataAccessor.framework/Versions/A/MSUDataAccessor
0x00000001bb49f000 	/usr/lib/libbootpolicy.dylib
0x00000001a8268000 	/System/Library/PrivateFrameworks/RemoteXPC.framework/Versions/A/RemoteXPC
0x00000001c8329000 	/usr/lib/libFDR.dylib
0x00000001ce304000 	/usr/lib/libamsupport.dylib
0x000000028f809000 	/usr/lib/libReverseProxyDevice.dylib
0x000000023f9b3000 	/System/Library/PrivateFrameworks/AppleDeviceQuerySupport.framework/Versions/A/AppleDeviceQuerySupport
0x00000001d14ce000 	/usr/lib/libpartition2_dynamic.dylib
0x000000019ba0a000 	/System/Library/PrivateFrameworks/AppleSauce.framework/Versions/A/AppleSauce
0x000000028f3be000 	/usr/lib/libAppleArchive.dylib
0x000000019b20b000 	/usr/lib/libbz2.1.0.dylib
0x00000001956be000 	/System/Library/Frameworks/Accelerate.framework/Versions/A/Frameworks/vImage.framework/Versions/A/vImage
0x00000001a3fad000 	/System/Library/Frameworks/Accelerate.framework/Versions/A/Frameworks/vecLib.framework/Versions/A/vecLib
0x000000019ced6000 	/System/Library/Frameworks/Accelerate.framework/Versions/A/Frameworks/vecLib.framework/Versions/A/libvMisc.dylib
0x000000018c496000 	/System/Library/Frameworks/Accelerate.framework/Versions/A/Frameworks/vecLib.framework/Versions/A/libBLAS.dylib
0x00000001a86ac000 	/System/Library/Frameworks/ApplicationServices.framework/Versions/A/ApplicationServices
0x00000001963b3000 	/System/Library/Frameworks/CoreVideo.framework/Versions/A/CoreVideo
0x0000000192ef2000 	/System/Library/Frameworks/ColorSync.framework/Versions/A/ColorSync
0x000000018e91a000 	/System/Library/Frameworks/CoreText.framework/Versions/A/CoreText
0x0000000198b33000 	/System/Library/Frameworks/ImageIO.framework/Versions/A/ImageIO
0x000000019fa8e000 	/System/Library/Frameworks/ApplicationServices.framework/Versions/A/Frameworks/ATS.framework/Versions/A/ATS
0x000000019309a000 	/System/Library/Frameworks/ApplicationServices.framework/Versions/A/Frameworks/HIServices.framework/Versions/A/HIServices
0x000000019e15c000 	/System/Library/Frameworks/ApplicationServices.framework/Versions/A/Frameworks/PrintCore.framework/Versions/A/PrintCore
0x000000019fe47000 	/System/Library/Frameworks/ApplicationServices.framework/Versions/A/Frameworks/QD.framework/Versions/A/QD
0x000000019fe42000 	/System/Library/Frameworks/ApplicationServices.framework/Versions/A/Frameworks/ColorSyncLegacy.framework/Versions/A/ColorSyncLegacy
0x000000019fa60000 	/System/Library/Frameworks/ApplicationServices.framework/Versions/A/Frameworks/SpeechSynthesis.framework/Versions/A/SpeechSynthesis
0x00000001921e5000 	/System/Library/PrivateFrameworks/SkyLight.framework/Versions/A/SkyLight
0x000000019850e000 	/System/Library/PrivateFrameworks/FontServices.framework/libFontParser.dylib
0x0000000193b7e000 	/System/Library/PrivateFrameworks/BaseBoard.framework/Versions/A/BaseBoard
0x00000001a60aa000 	/System/Library/PrivateFrameworks/BoardServices.framework/Versions/A/BoardServices
0x00000001a7f79000 	/System/Library/PrivateFrameworks/BackBoardServices.framework/Versions/A/BackBoardServices
0x0000000241734000 	/System/Library/PrivateFrameworks/BackBoardHIDEventFoundation.framework/Versions/A/BackBoardHIDEventFoundation
0x000000018e436000 	/System/Library/Frameworks/CoreDisplay.framework/Versions/A/CoreDisplay
0x000000019dab5000 	/System/Library/Frameworks/VideoToolbox.framework/Versions/A/VideoToolbox
0x000000019baf1000 	/System/Library/Frameworks/MetalPerformanceShaders.framework/Versions/A/MetalPerformanceShaders
0x000000026fac3000 	/System/Library/PrivateFrameworks/ProDisplayLibrary.framework/Versions/A/ProDisplayLibrary
0x00000001abdae000 	/System/Library/PrivateFrameworks/IOSurfaceAccelerator.framework/Versions/A/IOSurfaceAccelerator
0x0000000198068000 	/System/Library/Frameworks/Metal.framework/Versions/A/Metal
0x000000019805d000 	/System/Library/PrivateFrameworks/IOAccelerator.framework/Versions/A/IOAccelerator
0x000000019836c000 	/System/Library/Frameworks/CoreMedia.framework/Versions/A/CoreMedia
0x00000001921c1000 	/System/Library/PrivateFrameworks/TCC.framework/Versions/A/TCC
0x000000019da6d000 	/System/Library/PrivateFrameworks/WatchdogClient.framework/Versions/A/WatchdogClient
0x0000000195ae3000 	/System/Library/Frameworks/QuartzCore.framework/Versions/A/QuartzCore
0x000000019da6f000 	/System/Library/PrivateFrameworks/MultitouchSupport.framework/Versions/A/MultitouchSupport
0x00000001d12b0000 	/usr/lib/swift/libswiftAccelerate.dylib
0x00000001b93ec000 	/usr/lib/swift/libswiftCoreAudio.dylib
0x00000001d5441000 	/usr/lib/swift/libswiftCoreMedia.dylib
0x00000001c73e2000 	/usr/lib/swift/libswiftMetal.dylib
0x00000001d6bf4000 	/usr/lib/swift/libswiftOSLog.dylib
0x00000001cc808000 	/usr/lib/swift/libswiftQuartzCore.dylib
0x00000001d12a0000 	/usr/lib/swift/libswiftUniformTypeIdentifiers.dylib
0x00000002910ea000 	/usr/lib/swift/libswiftVideoToolbox.dylib
0x00000001bcf66000 	/usr/lib/swift/libswiftsimd.dylib
0x00000001ce763000 	/System/Library/PrivateFrameworks/BiomeStorage.framework/Versions/A/BiomeStorage
0x000000025df74000 	/System/Library/PrivateFrameworks/IntelligencePlatformLibrary.framework/Versions/A/IntelligencePlatformLibrary
0x000000026e887000 	/System/Library/PrivateFrameworks/PoirotSchematizer.framework/Versions/A/PoirotSchematizer
0x00000002420ea000 	/System/Library/PrivateFrameworks/BiomeSync.framework/Versions/A/BiomeSync
0x0000000241815000 	/System/Library/PrivateFrameworks/BiomeDSL.framework/Versions/A/BiomeDSL
0x00000001e78bd000 	/System/Library/PrivateFrameworks/FeatureFlags.framework/Versions/A/FeatureFlags
0x000000026e8f5000 	/System/Library/PrivateFrameworks/PoirotUDFs.framework/Versions/A/PoirotUDFs
0x0000000291192000 	/usr/lib/swift/libswift_DarwinFoundation2.dylib
0x0000000291193000 	/usr/lib/swift/libswift_DarwinFoundation3.dylib
0x00000001a661f000 	/System/Library/PrivateFrameworks/CoreTime.framework/Versions/A/CoreTime
0x000000019b888000 	/usr/lib/libiconv.2.dylib
0x000000019b7e5000 	/usr/lib/libcharset.1.dylib
0x000000026e84a000 	/System/Library/PrivateFrameworks/PoirotSQLite.framework/Versions/A/PoirotSQLite
0x0000000291194000 	/usr/lib/swift/libswift_RegexParser.dylib
0x0000000243720000 	/System/Library/PrivateFrameworks/CascadeSets.framework/Versions/A/CascadeSets
0x00000001a0058000 	/System/Library/PrivateFrameworks/CorePhoneNumbers.framework/Versions/A/CorePhoneNumbers
0x000000019d867000 	/System/Library/PrivateFrameworks/AppleJPEG.framework/Versions/A/AppleJPEG
0x000000019d240000 	/usr/lib/libexpat.1.dylib
0x000000019e032000 	/System/Library/Frameworks/ImageIO.framework/Versions/A/Resources/libPng.dylib
0x000000019e05d000 	/System/Library/Frameworks/ImageIO.framework/Versions/A/Resources/libTIFF.dylib
0x000000019e145000 	/System/Library/Frameworks/ImageIO.framework/Versions/A/Resources/libGIF.dylib
0x000000019d8ac000 	/System/Library/Frameworks/ImageIO.framework/Versions/A/Resources/libJP2.dylib
0x000000019cf50000 	/usr/lib/libate.dylib
0x000000019e0ec000 	/System/Library/Frameworks/ImageIO.framework/Versions/A/Resources/libJPEG.dylib
0x000000019e0e3000 	/System/Library/Frameworks/ImageIO.framework/Versions/A/Resources/libRadiance.dylib
0x0000000253bc4000 	/System/Library/PrivateFrameworks/GPUCompiler.framework/Versions/32023/Libraries/libllvm-flatbuffers.dylib
0x000000024e623000 	/System/Library/PrivateFrameworks/FramePacing.framework/Versions/A/FramePacing
0x0000000231733000 	/System/Library/Frameworks/OpenGL.framework/Versions/A/Libraries/libCoreFSCache.dylib
0x000000024f751000 	/System/Library/PrivateFrameworks/GPUCompiler.framework/Versions/32023/Libraries/libGPUCompilerUtils.dylib
0x00000001a6177000 	/System/Library/PrivateFrameworks/GraphicsServices.framework/Versions/A/GraphicsServices
0x0000000231741000 	/System/Library/Frameworks/OpenGL.framework/Versions/A/OpenGL
0x0000000231792000 	/System/Library/Frameworks/OpenGL.framework/Versions/A/Libraries/libGLU.dylib
0x0000000231755000 	/System/Library/Frameworks/OpenGL.framework/Versions/A/Libraries/libGFXShared.dylib
0x0000000231922000 	/System/Library/Frameworks/OpenGL.framework/Versions/A/Libraries/libGL.dylib
0x000000023175e000 	/System/Library/Frameworks/OpenGL.framework/Versions/A/Libraries/libGLImage.dylib
0x0000000231752000 	/System/Library/Frameworks/OpenGL.framework/Versions/A/Libraries/libCVMSPluginSupport.dylib
0x000000023173b000 	/System/Library/Frameworks/OpenGL.framework/Versions/A/Libraries/libCoreVMClient.dylib
0x000000019e0de000 	/System/Library/PrivateFrameworks/GPUWrangler.framework/Versions/A/GPUWrangler
0x000000019e0be000 	/System/Library/PrivateFrameworks/IOPresentment.framework/Versions/A/IOPresentment
0x000000019e0e6000 	/System/Library/PrivateFrameworks/DSExternalDisplay.framework/Versions/A/DSExternalDisplay
0x0000000285149000 	/System/Library/PrivateFrameworks/VideoToolboxParavirtualizationSupport.framework/Versions/A/VideoToolboxParavirtualizationSupport
0x000000019d1f7000 	/System/Library/PrivateFrameworks/AppleVA.framework/Versions/A/AppleVA
0x00000002337be000 	/System/Library/Frameworks/ExtensionFoundation.framework/Versions/A/ExtensionFoundation
0x000000019e14b000 	/System/Library/PrivateFrameworks/CMCaptureCore.framework/Versions/A/CMCaptureCore
0x000000019d4d1000 	/usr/lib/libspindump.dylib
0x000000018eb44000 	/System/Library/Frameworks/CoreAudio.framework/Versions/A/CoreAudio
0x000000019d4c4000 	/System/Library/PrivateFrameworks/AppServerSupport.framework/Versions/A/AppServerSupport
0x000000019fe50000 	/System/Library/PrivateFrameworks/perfdata.framework/Versions/A/perfdata
0x000000018e557000 	/System/Library/PrivateFrameworks/AudioToolboxCore.framework/Versions/A/AudioToolboxCore
0x0000000198342000 	/System/Library/PrivateFrameworks/caulk.framework/Versions/A/caulk
0x000000019fa46000 	/usr/lib/libAudioStatistics.dylib
0x00000001b83e7000 	/System/Library/PrivateFrameworks/SystemPolicy.framework/Versions/A/SystemPolicy
0x000000019fcf4000 	/usr/lib/libSMC.dylib
0x00000001bfd5d000 	/usr/lib/swift/libswiftCoreMIDI.dylib
0x00000001ab09d000 	/System/Library/Frameworks/CoreMIDI.framework/Versions/A/CoreMIDI
0x000000019e00c000 	/usr/lib/libAudioToolboxUtility.dylib
0x000000019fe5e000 	/usr/lib/libperfcheck.dylib
0x00000002410ce000 	/System/Library/PrivateFrameworks/AudioAnalytics.framework/Versions/A/AudioAnalytics
0x00000001df39e000 	/System/Library/Frameworks/OSLog.framework/Versions/A/OSLog
0x000000026a2f7000 	/System/Library/PrivateFrameworks/OSEligibility.framework/Versions/A/OSEligibility
0x000000019d2c6000 	/System/Library/PrivateFrameworks/IconServices.framework/Versions/A/IconServices
0x0000000234ba5000 	/System/Library/Frameworks/LightweightCodeRequirements.framework/Versions/A/LightweightCodeRequirements
0x000000019d140000 	/System/Library/PrivateFrameworks/PlugInKit.framework/Versions/A/PlugInKit
0x000000019a99a000 	/System/Library/PrivateFrameworks/AssertionServices.framework/Versions/A/AssertionServices
0x000000019d265000 	/System/Library/PrivateFrameworks/IconFoundation.framework/Versions/A/IconFoundation
0x000000025ab00000 	/System/Library/PrivateFrameworks/IconRendering.framework/Versions/A/IconRendering
0x0000000195f4a000 	/System/Library/PrivateFrameworks/CoreUI.framework/Versions/A/CoreUI
0x0000000198e74000 	/System/Library/Frameworks/CoreImage.framework/Versions/A/CoreImage
0x0000000271cf2000 	/System/Library/PrivateFrameworks/SFSymbols.framework/Versions/A/SFSymbols
0x0000000233674000 	/System/Library/Frameworks/DeveloperToolsSupport.framework/Versions/A/DeveloperToolsSupport
0x00000001b034a000 	/System/Library/PrivateFrameworks/RenderBox.framework/Versions/A/RenderBox
0x0000000198af5000 	/System/Library/PrivateFrameworks/CoreSVG.framework/Versions/A/CoreSVG
0x000000019e1cf000 	/System/Library/PrivateFrameworks/TextureIO.framework/Versions/A/TextureIO
0x00000001b946c000 	/usr/lib/swift/libswiftCoreImage.dylib
0x000000019d474000 	/System/Library/PrivateFrameworks/GraphVisualizer.framework/Versions/A/GraphVisualizer
0x000000024e52e000 	/System/Library/PrivateFrameworks/FontServices.framework/Versions/A/FontServices
0x000000019d484000 	/System/Library/PrivateFrameworks/OTSVG.framework/Versions/A/OTSVG
0x0000000195ef9000 	/System/Library/Frameworks/ApplicationServices.framework/Versions/A/Frameworks/ATS.framework/Versions/A/Resources/libFontRegistry.dylib
0x00000002902e3000 	/usr/lib/libhvf.dylib
0x000000026af84000 	/System/Library/PrivateFrameworks/ParsingInternal.framework/Versions/A/ParsingInternal
0x000000024e532000 	/System/Library/PrivateFrameworks/FontServices.framework/libXTFontStaticRegistryData.dylib
0x000000019935f000 	/System/Library/Frameworks/MetalPerformanceShaders.framework/Versions/A/Frameworks/MPSCore.framework/Versions/A/MPSCore
0x000000019b16a000 	/System/Library/Frameworks/MetalPerformanceShaders.framework/Versions/A/Frameworks/MPSImage.framework/Versions/A/MPSImage
0x000000019ab29000 	/System/Library/Frameworks/MetalPerformanceShaders.framework/Versions/A/Frameworks/MPSNeuralNetwork.framework/Versions/A/MPSNeuralNetwork
0x000000019af68000 	/System/Library/Frameworks/MetalPerformanceShaders.framework/Versions/A/Frameworks/MPSMatrix.framework/Versions/A/MPSMatrix
0x000000019ad80000 	/System/Library/Frameworks/MetalPerformanceShaders.framework/Versions/A/Frameworks/MPSRayIntersector.framework/Versions/A/MPSRayIntersector
0x000000019af9a000 	/System/Library/Frameworks/MetalPerformanceShaders.framework/Versions/A/Frameworks/MPSNDArray.framework/Versions/A/MPSNDArray
0x0000000235a2a000 	/System/Library/Frameworks/MetalPerformanceShaders.framework/Versions/A/Frameworks/MPSFunctions.framework/Versions/A/MPSFunctions
0x0000000235a0b000 	/System/Library/Frameworks/MetalPerformanceShaders.framework/Versions/A/Frameworks/MPSBenchmarkLoop.framework/Versions/A/MPSBenchmarkLoop
0x0000000235a3e000 	/System/Library/Frameworks/MetalPerformanceShaders.framework/Versions/A/Frameworks/MPSHost.framework/Versions/A/MPSHost
0x000000018c2ad000 	/System/Library/PrivateFrameworks/MetalTools.framework/Versions/A/MetalTools
0x00000001be68d000 	/System/Library/PrivateFrameworks/IOAccelMemoryInfo.framework/Versions/A/IOAccelMemoryInfo
0x00000001ccbfb000 	/System/Library/PrivateFrameworks/kperf.framework/Versions/A/kperf
0x00000001b93e8000 	/System/Library/PrivateFrameworks/GPURawCounter.framework/Versions/A/GPURawCounter
0x00000001a9e19000 	/System/Library/PrivateFrameworks/ASEProcessing.framework/Versions/A/ASEProcessing
0x00000001dad0a000 	/System/Library/PrivateFrameworks/Symbolication.framework/Versions/A/Symbolication
0x000000026e435000 	/System/Library/PrivateFrameworks/PhotosensitivityProcessing.framework/Versions/A/PhotosensitivityProcessing
0x0000000271d78000 	/System/Library/PrivateFrameworks/SILManager.framework/Versions/A/SILManager
0x00000001a64c3000 	/System/Library/PrivateFrameworks/CoreSymbolication.framework/Versions/A/CoreSymbolication
0x00000001b935b000 	/System/Library/PrivateFrameworks/MallocStackLogging.framework/Versions/A/MallocStackLogging
0x00000001a64a1000 	/System/Library/PrivateFrameworks/DebugSymbols.framework/Versions/A/DebugSymbols
0x00000001cb34c000 	/System/Library/PrivateFrameworks/OSAnalytics.framework/Versions/A/OSAnalytics
0x000000024c289000 	/System/Library/PrivateFrameworks/DeviceRecovery.framework/Versions/A/DeviceRecovery
0x00000002809d1000 	/System/Library/PrivateFrameworks/Tightbeam.framework/Versions/A/Tightbeam
0x00000001c73f0000 	/usr/lib/swift/libswiftCompression.dylib
0x00000001d1a3d000 	/System/Library/PrivateFrameworks/AFKUser.framework/Versions/A/AFKUser
0x000000019e117000 	/System/Library/Frameworks/ApplicationServices.framework/Versions/A/Frameworks/ATSUI.framework/Versions/A/ATSUI
0x000000019f7ef000 	/System/Library/Frameworks/AudioToolbox.framework/Versions/A/AudioToolbox
0x000000019b5dc000 	/System/Library/Frameworks/UserNotifications.framework/Versions/A/UserNotifications
0x00000001bee24000 	/System/Library/PrivateFrameworks/SiriInstrumentation.framework/Versions/A/SiriInstrumentation
0x0000000274208000 	/System/Library/PrivateFrameworks/SiriAnalytics.framework/Versions/A/SiriAnalytics
0x00000001bc583000 	/System/Library/PrivateFrameworks/FeedbackLogger.framework/Versions/A/FeedbackLogger
0x00000001d6e8d000 	/usr/lib/swift/libswiftAVFoundation.dylib
0x00000002831fa000 	/System/Library/PrivateFrameworks/UnifiedAssetFramework.framework/Versions/A/UnifiedAssetFramework
0x000000019f9c5000 	/System/Library/PrivateFrameworks/AudioSession.framework/Versions/A/AudioSession
0x000000019d385000 	/System/Library/PrivateFrameworks/MediaExperience.framework/Versions/A/MediaExperience
0x000000019f799000 	/System/Library/PrivateFrameworks/AudioSession.framework/libSessionUtility.dylib
0x00000001a504d000 	/System/Library/Frameworks/CoreBluetooth.framework/Versions/A/CoreBluetooth
0x000000019a80d000 	/System/Library/PrivateFrameworks/CoreUtils.framework/Versions/A/CoreUtils
0x00000001b107e000 	/System/Library/PrivateFrameworks/HID.framework/Versions/A/HID
0x000000024b17a000 	/System/Library/PrivateFrameworks/CoreUtilsExtras.framework/Versions/A/CoreUtilsExtras
0x000000025aa55000 	/System/Library/PrivateFrameworks/IO80211.framework/Versions/A/IO80211
0x00000001a1990000 	/System/Library/Frameworks/IOBluetooth.framework/Versions/A/IOBluetooth
0x0000000290f9f000 	/usr/lib/swift/libswiftRegexBuilder.dylib
0x000000019cfe0000 	/usr/lib/libIOReport.dylib
0x00000001e7942000 	/System/Library/PrivateFrameworks/WiFiPeerToPeer.framework/Versions/A/WiFiPeerToPeer
0x000000019a9a9000 	/System/Library/Frameworks/SecurityFoundation.framework/Versions/A/SecurityFoundation
0x00000002437d4000 	/System/Library/PrivateFrameworks/Centauri.framework/Versions/A/Centauri
0x000000018cc91000 	/System/Library/PrivateFrameworks/Lexicon.framework/Versions/A/Lexicon
0x0000000290733000 	/usr/lib/libmrc.dylib
0x000000025aac0000 	/System/Library/PrivateFrameworks/IPConfiguration.framework/Versions/A/IPConfiguration
0x00000001db4e1000 	/System/Library/PrivateFrameworks/Netrb.framework/Versions/A/Netrb
0x00000001a5fd0000 	/System/Library/PrivateFrameworks/FrontBoardServices.framework/Versions/A/FrontBoardServices
0x000000019ab12000 	/usr/lib/libgermantok.dylib
0x000000019954e000 	/System/Library/PrivateFrameworks/LinguisticData.framework/Versions/A/LinguisticData
0x00000001a5256000 	/System/Library/PrivateFrameworks/MediaKit.framework/Versions/A/MediaKit
0x00000001a51a4000 	/System/Library/Frameworks/DiscRecording.framework/Versions/A/DiscRecording
0x000000019d25b000 	/usr/lib/libheimdal-asn1.dylib
0x00000001a8c81000 	/System/Library/Frameworks/AudioUnit.framework/Versions/A/AudioUnit
0x0000000196210000 	/System/Library/Frameworks/OpenDirectory.framework/Versions/A/OpenDirectory
0x000000019621e000 	/System/Library/Frameworks/OpenDirectory.framework/Versions/A/Frameworks/CFOpenDirectory.framework/Versions/A/CFOpenDirectory
0x00000001a1d38000 	/System/Library/PrivateFrameworks/GeoServices.framework/Versions/A/GeoServices
0x000000019f75f000 	/System/Library/PrivateFrameworks/LocationSupport.framework/Versions/A/LocationSupport
0x000000025777e000 	/System/Library/PrivateFrameworks/GeoServicesCore.framework/Versions/A/GeoServicesCore
0x00000001b1f82000 	/System/Library/PrivateFrameworks/PhoneNumbers.framework/Versions/A/PhoneNumbers
0x000000025ff06000 	/System/Library/PrivateFrameworks/LocationLogEncryption.framework/Versions/A/LocationLogEncryption
0x0000000231cae000 	/System/Library/Frameworks/AVFAudio.framework/Versions/A/AVFAudio
0x0000000231df2000 	/System/Library/Frameworks/AVRouting.framework/Versions/A/AVRouting
0x00000001b209a000 	/usr/lib/libAccessibility.dylib
0x000000025e8f0000 	/System/Library/PrivateFrameworks/IsolatedCoreAudioClient.framework/Versions/A/IsolatedCoreAudioClient
0x0000000246f6e000 	/System/Library/PrivateFrameworks/CoreAudioOrchestration.framework/Versions/A/CoreAudioOrchestration
0x000000019e633000 	/System/Library/Frameworks/MediaToolbox.framework/Versions/A/MediaToolbox
0x00000001a537c000 	/System/Library/PrivateFrameworks/CoreAVCHD.framework/Versions/A/CoreAVCHD
0x00000001a42a0000 	/System/Library/Frameworks/MediaAccessibility.framework/Versions/A/MediaAccessibility
0x00000001a5378000 	/System/Library/PrivateFrameworks/Mangrove.framework/Versions/A/Mangrove
0x0000000242e10000 	/System/Library/PrivateFrameworks/CMPhoto.framework/Versions/A/CMPhoto
0x00000001a5b45000 	/System/Library/Frameworks/CoreTelephony.framework/Versions/A/CoreTelephony
0x00000001a536b000 	/System/Library/PrivateFrameworks/CoreAUC.framework/Versions/A/CoreAUC
0x000000023ff76000 	/System/Library/PrivateFrameworks/AppleJPEGXL.framework/Versions/A/AppleJPEGXL
0x00000001a0068000 	/usr/lib/libTelephonyUtilDynamic.dylib
0x00000001e24bf000 	/System/Library/Frameworks/CryptoKit.framework/Versions/A/CryptoKit
0x00000001a8c7c000 	/System/Library/PrivateFrameworks/CryptoKitCBridging.framework/Versions/A/CryptoKitCBridging
0x00000001a6189000 	/System/Library/Frameworks/CryptoTokenKit.framework/Versions/A/CryptoTokenKit
0x000000024bcf9000 	/System/Library/PrivateFrameworks/Dendrite.framework/Versions/A/Dendrite
0x00000001b8f8c000 	/System/Library/Frameworks/NaturalLanguage.framework/Versions/A/NaturalLanguage
0x0000000257481000 	/System/Library/PrivateFrameworks/GenerativeModels.framework/Versions/A/GenerativeModels
0x00000001e78c9000 	/usr/lib/swift/libswiftNaturalLanguage.dylib
0x0000000240aed000 	/System/Library/PrivateFrameworks/AppleMobileFileIntegrity.framework/Versions/A/AppleMobileFileIntegrity
0x000000028f881000 	/usr/lib/libTLE.dylib
0x00000001b938d000 	/usr/lib/libmis.dylib
0x00000001f1011000 	/System/Library/PrivateFrameworks/ConfigProfileHelper.framework/Versions/A/ConfigProfileHelper
0x00000001a8e0b000 	/System/Library/PrivateFrameworks/Espresso.framework/Versions/A/Espresso
0x00000001969a0000 	/System/Library/Frameworks/CoreML.framework/Versions/A/CoreML
0x00000001e5775000 	/usr/lib/libedit.3.dylib
0x000000022eabc000 	/System/Library/PrivateFrameworks/ANECompiler.framework/Versions/A/ANECompiler
0x00000001aaee1000 	/System/Library/PrivateFrameworks/AppleNeuralEngine.framework/Versions/A/AppleNeuralEngine
0x0000000260024000 	/System/Library/PrivateFrameworks/MIL.framework/Versions/A/MIL
0x0000000235a44000 	/System/Library/Frameworks/MetalPerformanceShadersGraph.framework/Versions/A/MetalPerformanceShadersGraph
0x0000000260793000 	/System/Library/PrivateFrameworks/MLCompilerServices.framework/Versions/A/MLCompilerServices
0x00000001a9c5d000 	/System/Library/PrivateFrameworks/ANEServices.framework/Versions/A/ANEServices
0x00000001be650000 	/usr/lib/libncurses.5.4.dylib
0x000000018fe4e000 	/usr/lib/libsandbox.1.dylib
0x000000019d181000 	/usr/lib/libMatch.1.dylib
0x000000026a079000 	/System/Library/PrivateFrameworks/ODIE.framework/Versions/A/ODIE
0x0000000263420000 	/System/Library/PrivateFrameworks/MLModelAsset.framework/Versions/A/MLModelAsset
0x0000000260739000 	/System/Library/PrivateFrameworks/MLCompilerRuntime.framework/Versions/A/MLCompilerRuntime
0x000000019add5000 	/System/Library/Frameworks/MLCompute.framework/Versions/A/MLCompute
0x00000002606bb000 	/System/Library/PrivateFrameworks/MLAssetIO.framework/Versions/A/MLAssetIO
0x0000000290f71000 	/usr/lib/swift/libswiftMLCompute.dylib
0x00000001a5d60000 	/System/Library/PrivateFrameworks/AVFCore.framework/Versions/A/AVFCore
0x00000001af99b000 	/System/Library/PrivateFrameworks/AVFCapture.framework/Versions/A/AVFCapture
0x0000000242c07000 	/System/Library/PrivateFrameworks/CMImaging.framework/Versions/A/CMImaging
0x00000001afbdd000 	/System/Library/PrivateFrameworks/Quagga.framework/Versions/A/Quagga
0x00000001afd0e000 	/System/Library/PrivateFrameworks/CMCapture.framework/Versions/A/CMCapture
0x000000019fbf1000 	/System/Library/Frameworks/CoreMediaIO.framework/Versions/A/CoreMediaIO
0x0000000242b42000 	/System/Library/PrivateFrameworks/CMCaptureDevice.framework/Versions/A/CMCaptureDevice
0x000000019d5bd000 	/System/Library/PrivateFrameworks/CoreBrightness.framework/Versions/A/CoreBrightness
0x0000000243ccb000 	/System/Library/PrivateFrameworks/CinematicFraming.framework/Versions/A/CinematicFraming
0x000000026655d000 	/System/Library/PrivateFrameworks/ModelManagerServices.framework/Versions/A/ModelManagerServices
0x00000001d3ef5000 	/System/Library/PrivateFrameworks/CPMS.framework/Versions/A/CPMS
0x000000027e101000 	/System/Library/PrivateFrameworks/SystemStatus.framework/Versions/A/SystemStatus
0x00000001b7dbc000 	/System/Library/Frameworks/CoreMotion.framework/Versions/A/CoreMotion
0x00000001c83d4000 	/System/Library/PrivateFrameworks/TimeSync.framework/Versions/A/TimeSync
0x000000024c6c1000 	/System/Library/PrivateFrameworks/DistributedSensing.framework/Versions/A/DistributedSensing
0x00000001c37b3000 	/System/Library/PrivateFrameworks/MobileBluetooth.framework/Versions/A/MobileBluetooth
0x00000001ca098000 	/System/Library/PrivateFrameworks/IOKitten.framework/Versions/A/IOKitten
0x000000023fdf0000 	/System/Library/PrivateFrameworks/AppleIntelligenceReporting.framework/Versions/A/AppleIntelligenceReporting
0x000000019a71c000 	/System/Library/PrivateFrameworks/CoreEmoji.framework/Versions/A/CoreEmoji
0x000000018cfa5000 	/usr/lib/libCRFSuite.dylib
0x000000018e286000 	/System/Library/PrivateFrameworks/LanguageModeling.framework/Versions/A/LanguageModeling
0x000000019942e000 	/System/Library/PrivateFrameworks/CoreNLP.framework/Versions/A/CoreNLP
0x0000000193203000 	/System/Library/PrivateFrameworks/Montreal.framework/Versions/A/Montreal
0x000000019b890000 	/usr/lib/libcmph.dylib
0x000000019aab3000 	/usr/lib/libmecab.dylib
0x000000019ba01000 	/usr/lib/libThaiTokenizer.dylib
0x0000000257563000 	/System/Library/PrivateFrameworks/GenerativeModelsFoundation.framework/Versions/A/GenerativeModelsFoundation
0x0000000280ed6000 	/System/Library/PrivateFrameworks/TokenGeneration.framework/Versions/A/TokenGeneration
0x0000000257337000 	/System/Library/PrivateFrameworks/GenerativeFunctions.framework/Versions/A/GenerativeFunctions
0x0000000257385000 	/System/Library/PrivateFrameworks/GenerativeFunctionsFoundation.framework/Versions/A/GenerativeFunctionsFoundation
0x000000026621e000 	/System/Library/PrivateFrameworks/ModelCatalog.framework/Versions/A/ModelCatalog
0x0000000273422000 	/System/Library/PrivateFrameworks/SensitiveContentAnalysisML.framework/Versions/A/SensitiveContentAnalysisML
0x000000025741b000 	/System/Library/PrivateFrameworks/GenerativeFunctionsInstrumentation.framework/Versions/A/GenerativeFunctionsInstrumentation
0x000000027024b000 	/System/Library/PrivateFrameworks/PromptKit.framework/Versions/A/PromptKit
0x000000026fc61000 	/System/Library/PrivateFrameworks/ProactiveDaemonSupport.framework/Versions/A/ProactiveDaemonSupport
0x000000028110e000 	/System/Library/PrivateFrameworks/TokenGenerationCore.framework/Versions/A/TokenGenerationCore
0x00000001b9e5b000 	/System/Library/PrivateFrameworks/Trial.framework/Versions/A/Trial
0x00000001b9ddc000 	/System/Library/PrivateFrameworks/TrialProto.framework/Versions/A/TrialProto
0x000000023fa1a000 	/System/Library/PrivateFrameworks/AppleFlatBuffers.framework/Versions/A/AppleFlatBuffers
0x00000002736f2000 	/System/Library/PrivateFrameworks/SentencePieceInternal.framework/Versions/A/SentencePieceInternal
0x00000001a42fa000 	/System/Library/Frameworks/Vision.framework/Versions/A/Vision
0x000000024ae18000 	/System/Library/PrivateFrameworks/CoreSceneUnderstanding.framework/Versions/A/CoreSceneUnderstanding
0x0000000285d5f000 	/System/Library/PrivateFrameworks/VisionCore.framework/Versions/A/VisionCore
0x000000019e570000 	/System/Library/PrivateFrameworks/DataDetectorsCore.framework/Versions/A/DataDetectorsCore
0x00000001c2741000 	/System/Library/Frameworks/Vision.framework/libfaceCore.dylib
0x00000001c325b000 	/System/Library/PrivateFrameworks/Futhark.framework/Versions/A/Futhark
0x00000001c71a9000 	/System/Library/PrivateFrameworks/InertiaCam.framework/Versions/A/InertiaCam
0x00000001c2fe8000 	/System/Library/PrivateFrameworks/TextRecognition.framework/Versions/A/TextRecognition
0x000000023365d000 	/System/Library/Frameworks/DataDetection.framework/Versions/A/DataDetection
0x00000001bd1f4000 	/System/Library/PrivateFrameworks/TextInput.framework/Versions/A/TextInput
0x000000019d01e000 	/System/Library/PrivateFrameworks/CVNLP.framework/Versions/A/CVNLP
0x00000001df889000 	/System/Library/PrivateFrameworks/HIDDisplay.framework/Versions/A/HIDDisplay
0x000000019fdd5000 	/usr/lib/libcups.2.dylib
0x000000019fe6c000 	/System/Library/Frameworks/Kerberos.framework/Versions/A/Kerberos
0x000000019fadc000 	/usr/lib/libresolv.9.dylib
0x000000019d4d8000 	/System/Library/PrivateFrameworks/Heimdal.framework/Versions/A/Heimdal
0x00000001a8c80000 	/System/Library/Frameworks/Kerberos.framework/Versions/A/Libraries/libHeimdalProxy.dylib
0x000000019fed0000 	/System/Library/PrivateFrameworks/CommonAuth.framework/Versions/A/CommonAuth
0x00000001b1f8e000 	/System/Library/PrivateFrameworks/AXCoreUtilities.framework/Versions/A/AXCoreUtilities
0x00000001c258a000 	/System/Library/PrivateFrameworks/AttributeGraph.framework/Versions/A/AttributeGraph
0x000000028f381000 	/usr/lib/libAXSafeCategoryBundle.dylib
0x0000000239dd2000 	/System/Library/Frameworks/TabularData.framework/Versions/A/TabularData
0x0000000240c9d000 	/System/Library/PrivateFrameworks/ArgumentParserInternal.framework/Versions/A/ArgumentParserInternal
0x000000019a5de000 	/System/Library/Frameworks/Accelerate.framework/Versions/A/Frameworks/vecLib.framework/Versions/A/libvDSP.dylib
0x000000019bbd3000 	/System/Library/Frameworks/Accelerate.framework/Versions/A/Frameworks/vecLib.framework/Versions/A/libLAPACK.dylib
0x000000019ab15000 	/System/Library/Frameworks/Accelerate.framework/Versions/A/Frameworks/vecLib.framework/Versions/A/libLinearAlgebra.dylib
0x000000019ba47000 	/System/Library/Frameworks/Accelerate.framework/Versions/A/Frameworks/vecLib.framework/Versions/A/libSparseBLAS.dylib
0x000000019bbce000 	/System/Library/Frameworks/Accelerate.framework/Versions/A/Frameworks/vecLib.framework/Versions/A/libQuadrature.dylib
0x0000000199555000 	/System/Library/Frameworks/Accelerate.framework/Versions/A/Frameworks/vecLib.framework/Versions/A/libBNNS.dylib
0x000000018cda1000 	/System/Library/Frameworks/Accelerate.framework/Versions/A/Frameworks/vecLib.framework/Versions/A/libSparse.dylib
0x0000000233142000 	/System/Library/Frameworks/CoreTransferable.framework/Versions/A/CoreTransferable
0x000000019fe34000 	/System/Library/PrivateFrameworks/NetAuth.framework/Versions/A/NetAuth
0x0000000196434000 	/System/Library/PrivateFrameworks/login.framework/Versions/A/Frameworks/loginsupport.framework/Versions/A/loginsupport
0x00000001915d1000 	/System/Library/PrivateFrameworks/UIFoundation.framework/Versions/A/UIFoundation
0x000000019aa7d000 	/usr/lib/libCheckFix.dylib
0x00000001955bb000 	/System/Library/PrivateFrameworks/MetadataUtilities.framework/Versions/A/MetadataUtilities
0x000000025b547000 	/System/Library/PrivateFrameworks/InstalledContentLibrary.framework/Versions/A/InstalledContentLibrary
0x000000018fd12000 	/System/Library/PrivateFrameworks/CoreServicesStore.framework/Versions/A/CoreServicesStore
0x000000019627f000 	/usr/lib/libapp_launch_measurement.dylib
0x00000001ccd12000 	/System/Library/PrivateFrameworks/MobileSystemServices.framework/Versions/A/MobileSystemServices
0x000000019cea3000 	/usr/lib/libxslt.1.dylib
0x000000019aa3c000 	/System/Library/PrivateFrameworks/BackgroundTaskManagement.framework/Versions/A/BackgroundTaskManagement
0x00000001a8312000 	/usr/lib/libcurl.4.dylib
0x0000000290097000 	/usr/lib/libcrypto.46.dylib
0x0000000290c1a000 	/usr/lib/libssl.48.dylib
0x00000001a7fec000 	/System/Library/Frameworks/LDAP.framework/Versions/A/LDAP
0x00000001a8028000 	/System/Library/PrivateFrameworks/TrustEvaluationAgent.framework/Versions/A/TrustEvaluationAgent
0x000000019faf9000 	/usr/lib/libsasl2.2.dylib
0x00000001ab290000 	/System/Library/Frameworks/Cocoa.framework/Versions/A/Cocoa
0x000000018fead000 	/System/Library/Frameworks/AppKit.framework/Versions/C/AppKit
0x0000000244b4e000 	/System/Library/PrivateFrameworks/CollectionViewCore.framework/Versions/A/CollectionViewCore
0x0000000198aef000 	/System/Library/PrivateFrameworks/XCTTargetBootstrap.framework/Versions/A/XCTTargetBootstrap
0x000000019e5c2000 	/System/Library/PrivateFrameworks/UserActivity.framework/Versions/A/UserActivity
0x000000024e630000 	/System/Library/PrivateFrameworks/FrontBoard.framework/Versions/A/FrontBoard
0x0000000282b1f000 	/System/Library/PrivateFrameworks/UIIntelligenceSupport.framework/Versions/A/UIIntelligenceSupport
0x0000000238e5b000 	/System/Library/Frameworks/SwiftUICore.framework/Versions/A/SwiftUICore
0x00000002896cb000 	/System/Library/PrivateFrameworks/WritingTools.framework/Versions/A/WritingTools
0x00000002884c2000 	/System/Library/PrivateFrameworks/WindowManagement.framework/Versions/A/WindowManagement
0x000000024e360000 	/System/Library/PrivateFrameworks/FocusEngine.framework/Versions/A/FocusEngine
0x000000024bd69000 	/System/Library/PrivateFrameworks/DesignLibrary.framework/Versions/A/DesignLibrary
0x0000000198ada000 	/System/Library/PrivateFrameworks/DFRFoundation.framework/Versions/A/DFRFoundation
0x0000000283a6c000 	/System/Library/PrivateFrameworks/UpdateCycle.framework/Versions/A/UpdateCycle
0x00000001987de000 	/System/Library/Frameworks/Carbon.framework/Versions/A/Frameworks/HIToolbox.framework/Versions/A/HIToolbox
0x00000001a3bc0000 	/System/Library/Frameworks/Carbon.framework/Versions/A/Frameworks/SpeechRecognition.framework/Versions/A/SpeechRecognition
0x0000000196206000 	/System/Library/PrivateFrameworks/PerformanceAnalysis.framework/Versions/A/PerformanceAnalysis
0x00000001a3f50000 	/System/Library/Frameworks/Accessibility.framework/Versions/A/Accessibility
0x0000000239db8000 	/System/Library/Frameworks/Symbols.framework/Versions/A/Symbols
0x000000025792c000 	/System/Library/PrivateFrameworks/Gestures.framework/Versions/A/Gestures
0x0000000291042000 	/usr/lib/swift/libswiftSpatial.dylib
0x00000001b61ce000 	/usr/lib/swift/libswiftCoreGraphics.dylib
0x00000001a4994000 	/usr/lib/swift/libswiftFoundation.dylib
0x00000001f09b2000 	/usr/lib/swift/libswiftSwiftOnoneSupport.dylib
0x00000002912c8000 	/usr/lib/swift/libswiftsys_time.dylib
0x00000001db51f000 	/System/Library/PrivateFrameworks/CoreMaterial.framework/Versions/A/CoreMaterial
0x000000028f87e000 	/usr/lib/libSpatial.dylib
0x000000028f29e000 	/System/Library/SubFrameworks/UIUtilities.framework/Versions/A/UIUtilities
0x000000010a010000 	/Users/noalev/Documents/curseforge/minecraft/Install/java/java-runtime-gamma/Contents/Home/lib/server/libjvm.dylib
0x0000000104ad8000 	/Users/noalev/Documents/curseforge/minecraft/Install/java/java-runtime-gamma/Contents/Home/lib/libjimage.dylib
0x0000000104b60000 	/Users/noalev/Documents/curseforge/minecraft/Install/java/java-runtime-gamma/Contents/Home/lib/libjava.dylib
0x0000000104e68000 	/Users/noalev/Documents/curseforge/minecraft/Install/java/java-runtime-gamma/Contents/Home/lib/libnio.dylib
0x0000000104eac000 	/Users/noalev/Documents/curseforge/minecraft/Install/java/java-runtime-gamma/Contents/Home/lib/libnet.dylib
0x0000000104e48000 	/Users/noalev/Documents/curseforge/minecraft/Install/java/java-runtime-gamma/Contents/Home/lib/libzip.dylib
0x0000000104ed0000 	/Users/noalev/Documents/curseforge/minecraft/Install/java/java-runtime-gamma/Contents/Home/lib/libverify.dylib
0x0000000104e88000 	/Users/noalev/Documents/curseforge/minecraft/Install/java/java-runtime-gamma/Contents/Home/lib/libmanagement.dylib
0x0000000104eec000 	/Users/noalev/Documents/curseforge/minecraft/Install/java/java-runtime-gamma/Contents/Home/lib/libmanagement_ext.dylib
0x0000000104f48000 	/Users/noalev/Documents/curseforge/minecraft/Install/natives/forge-47.4.10/liblwjgl.dylib
0x0000000104f90000 	/Users/noalev/Documents/curseforge/minecraft/Install/natives/forge-47.4.10/libglfw.dylib
0x0000000109dc0000 	/Users/noalev/Documents/curseforge/minecraft/Install/natives/forge-47.4.10/libjemalloc.dylib
0x0000000231f62000 	/System/Library/Frameworks/AppIntents.framework/Versions/A/AppIntents
0x000000023852a000 	/System/Library/Frameworks/RelevanceKit.framework/Versions/A/RelevanceKit
0x000000019b62d000 	/System/Library/Frameworks/CoreSpotlight.framework/Versions/A/CoreSpotlight
0x000000025fa7b000 	/System/Library/PrivateFrameworks/LinkServices.framework/Versions/A/LinkServices
0x00000001a4c61000 	/System/Library/Frameworks/Contacts.framework/Versions/A/Contacts
0x000000023e5f5000 	/System/Library/PrivateFrameworks/AppIntentsTypeSupport.framework/Versions/A/AppIntentsTypeSupport
0x000000024c7bd000 	/System/Library/PrivateFrameworks/DoNotDisturb.framework/Versions/A/DoNotDisturb
0x000000025f8c9000 	/System/Library/PrivateFrameworks/LinkMetadata.framework/Versions/A/LinkMetadata
0x00000001b9413000 	/usr/lib/swift/libswiftIntents.dylib
0x00000001be7aa000 	/System/Library/PrivateFrameworks/IntentsCore.framework/Versions/A/IntentsCore
0x00000002415ad000 	/System/Library/PrivateFrameworks/AvailabilityKit.framework/Versions/A/AvailabilityKit
0x000000023e1d8000 	/System/Library/PrivateFrameworks/AppIntentSchemas.framework/Versions/A/AppIntentSchemas
0x00000002340b3000 	/System/Library/Frameworks/GeoToolbox.framework/Versions/A/GeoToolbox
0x0000000254162000 	/System/Library/PrivateFrameworks/GRDBInternal.framework/Versions/A/GRDBInternal
0x000000027c97a000 	/System/Library/PrivateFrameworks/StatusKit.framework/Versions/A/StatusKit
0x00000001a4a78000 	/System/Library/PrivateFrameworks/ContactsPersistence.framework/Versions/A/ContactsPersistence
0x00000001a3bc4000 	/System/Library/PrivateFrameworks/AppleLDAP.framework/Versions/A/AppleLDAP
0x00000001a86b0000 	/System/Library/Frameworks/ClassKit.framework/Versions/A/ClassKit
0x00000001aa961000 	/System/Library/PrivateFrameworks/CoreSuggestions.framework/Versions/A/CoreSuggestions
0x00000001a4995000 	/System/Library/PrivateFrameworks/ContactsFoundation.framework/Versions/A/ContactsFoundation
0x00000001a6137000 	/System/Library/PrivateFrameworks/vCard.framework/Versions/A/vCard
0x000000024511f000 	/System/Library/PrivateFrameworks/ContactsMetrics.framework/Versions/A/ContactsMetrics
0x000000019d599000 	/System/Library/PrivateFrameworks/login.framework/Versions/A/login
0x0000000263eef000 	/System/Library/PrivateFrameworks/ManagedOrganizationContacts.framework/Versions/A/ManagedOrganizationContacts
0x00000001968cb000 	/System/Library/PrivateFrameworks/CloudDocs.framework/Versions/A/CloudDocs
0x00000001b1942000 	/System/Library/PrivateFrameworks/ProactiveEventTracker.framework/Versions/A/ProactiveEventTracker
0x00000001a5581000 	/System/Library/PrivateFrameworks/GenerationalStorage.framework/Versions/A/GenerationalStorage
0x000000019ffc6000 	/System/Library/PrivateFrameworks/CacheDelete.framework/Versions/A/CacheDelete
0x00000001a8dbd000 	/System/Library/Frameworks/QuickLookThumbnailing.framework/Versions/A/QuickLookThumbnailing
0x00000001a53aa000 	/System/Library/Frameworks/FileProvider.framework/Versions/A/FileProvider
0x00000001917a1000 	/System/Library/PrivateFrameworks/DesktopServicesPriv.framework/Versions/A/DesktopServicesPriv
0x00000001b8e5a000 	/System/Library/PrivateFrameworks/FTServices.framework/Versions/A/FTServices
0x00000001b1033000 	/System/Library/PrivateFrameworks/CloudServices.framework/Versions/A/CloudServices
0x0000000197d85000 	/System/Library/Frameworks/CoreLocation.framework/Versions/A/CoreLocation
0x00000001a743b000 	/System/Library/Frameworks/Intents.framework/Versions/A/Intents
0x000000019b251000 	/System/Library/PrivateFrameworks/AuthKit.framework/Versions/A/AuthKit
0x00000001bfd3b000 	/usr/lib/swift/libswiftCoreLocation.dylib
0x00000001a1587000 	/System/Library/PrivateFrameworks/Sharing.framework/Versions/A/Sharing
0x00000001a0f0b000 	/System/Library/PrivateFrameworks/IDSFoundation.framework/Versions/A/IDSFoundation
0x00000001a7ab6000 	/System/Library/PrivateFrameworks/Apple80211.framework/Versions/A/Apple80211
0x000000019a78a000 	/System/Library/Frameworks/CoreWLAN.framework/Versions/A/CoreWLAN
0x000000019f6e6000 	/System/Library/PrivateFrameworks/IMFoundation.framework/Versions/A/IMFoundation
0x00000001b139e000 	/System/Library/PrivateFrameworks/Marco.framework/Versions/A/Marco
0x0000000193b67000 	/System/Library/PrivateFrameworks/CommonUtilities.framework/Versions/A/CommonUtilities
0x00000001ad975000 	/System/Library/PrivateFrameworks/Engram.framework/Versions/A/Engram
0x0000000289bd2000 	/System/Library/PrivateFrameworks/XPCDistributed.framework/Versions/A/XPCDistributed
0x00000001ad913000 	/usr/lib/libtidy.A.dylib
0x000000019d7ec000 	/System/Library/PrivateFrameworks/Bom.framework/Versions/A/Bom
0x000000019fb19000 	/usr/lib/libParallelCompression.dylib
0x000000019fb0c000 	/System/Library/PrivateFrameworks/MultiverseSupport.framework/Versions/A/MultiverseSupport
0x00000001a5288000 	/System/Library/PrivateFrameworks/DiskManagement.framework/Versions/A/DiskManagement
0x00000001a5197000 	/System/Library/PrivateFrameworks/AppleIDAuthSupport.framework/Versions/A/AppleIDAuthSupport
0x000000023b66c000 	/System/Library/PrivateFrameworks/AAAFoundation.framework/Versions/A/AAAFoundation
0x00000001a0015000 	/System/Library/PrivateFrameworks/KeychainCircle.framework/Versions/A/KeychainCircle
0x00000001b1f84000 	/System/Library/PrivateFrameworks/URLFormatting.framework/Versions/A/URLFormatting
0x00000001a8306000 	/usr/lib/libcsfde.dylib
0x000000019d189000 	/usr/lib/libCoreStorage.dylib
0x00000001a1a66000 	/System/Library/PrivateFrameworks/ProtectedCloudStorage.framework/Versions/A/ProtectedCloudStorage
0x00000001a8301000 	/System/Library/PrivateFrameworks/EFILogin.framework/Versions/A/EFILogin
0x00000001a55a8000 	/System/Library/PrivateFrameworks/OctagonTrust.framework/Versions/A/OctagonTrust
0x00000001a0ce5000 	/System/Library/PrivateFrameworks/IDS.framework/Versions/A/IDS
0x00000001a620b000 	/System/Library/Frameworks/LocalAuthentication.framework/Versions/A/LocalAuthentication
0x000000025fcb9000 	/System/Library/PrivateFrameworks/LocalAuthenticationCore.framework/Versions/A/LocalAuthenticationCore
0x000000025fe81000 	/System/Library/PrivateFrameworks/LocalAuthenticationCredentialServices.framework/Versions/A/LocalAuthenticationCredentialServices
0x00000001a6278000 	/System/Library/Frameworks/LocalAuthentication.framework/Support/SharedUtils.framework/Versions/A/SharedUtils
0x0000000240f58000 	/System/Library/PrivateFrameworks/AsyncAlgorithmsInternal.framework/Versions/A/AsyncAlgorithmsInternal
0x00000001c7e3c000 	/System/Library/PrivateFrameworks/FTAWD.framework/Versions/A/FTAWD
0x00000001a8d45000 	/System/Library/PrivateFrameworks/IntentsFoundation.framework/Versions/A/IntentsFoundation
0x0000000196437000 	/System/Library/PrivateFrameworks/ApplePushService.framework/Versions/A/ApplePushService
0x00000001964a2000 	/System/Library/Frameworks/CloudKit.framework/Versions/A/CloudKit
0x00000001cfe9f000 	/System/Library/PrivateFrameworks/DeviceIdentity.framework/Versions/A/DeviceIdentity
0x00000002389b4000 	/System/Library/Frameworks/SharedWithYouCore.framework/Versions/A/SharedWithYouCore
0x00000002445ad000 	/System/Library/PrivateFrameworks/CloudTelemetry.framework/Versions/A/CloudTelemetry
0x00000001a8778000 	/System/Library/PrivateFrameworks/AppleAccount.framework/Versions/A/AppleAccount
0x00000001a8d60000 	/System/Library/PrivateFrameworks/C2.framework/Versions/A/C2
0x0000000244201000 	/System/Library/PrivateFrameworks/CloudCoreInternal.framework/Versions/A/CloudCoreInternal
0x0000000243f67000 	/System/Library/PrivateFrameworks/CloudAsset.framework/Versions/A/CloudAsset
0x00000001a8d56000 	/System/Library/Frameworks/PushKit.framework/Versions/A/PushKit
0x00000002445d2000 	/System/Library/PrivateFrameworks/CloudTelemetryTools.framework/Versions/A/CloudTelemetryTools
0x00000002445c3000 	/System/Library/PrivateFrameworks/CloudTelemetryShared.dylib
0x00000001aac38000 	/System/Library/PrivateFrameworks/RTCReporting.framework/Versions/A/RTCReporting
0x000000023b68f000 	/System/Library/PrivateFrameworks/AAAFoundationSwift.framework/Versions/A/AAAFoundationSwift
0x00000001a89fe000 	/System/Library/PrivateFrameworks/AppleIDSSOAuthentication.framework/Versions/A/AppleIDSSOAuthentication
0x00000001960d1000 	/System/Library/PrivateFrameworks/ViewBridge.framework/Versions/A/ViewBridge
0x000000023ac42000 	/System/Library/Frameworks/_AppIntents_AppKit.framework/Versions/A/_AppIntents_AppKit
0x000000028f385000 	/usr/lib/libAccessibilityBaseImplementations.dylib
0x0000000109ff8000 	/usr/lib/libobjc-trampolines.dylib
0x00000002896d0000 	/System/Library/PrivateFrameworks/WritingToolsUI.framework/Versions/A/WritingToolsUI
0x0000000257152000 	/System/Library/PrivateFrameworks/GenerativeAssistantSettings.framework/Versions/A/GenerativeAssistantSettings
0x000000027e9da000 	/System/Library/PrivateFrameworks/TextComposer.framework/Versions/A/TextComposer
0x0000000257125000 	/System/Library/PrivateFrameworks/GenerativeAssistantCommon.framework/Versions/A/GenerativeAssistantCommon
0x00000001c0e3a000 	/System/Library/Frameworks/SwiftUI.framework/Versions/A/SwiftUI
0x000000023def5000 	/System/Library/PrivateFrameworks/Anvil.framework/Versions/A/Anvil
0x00000002575d9000 	/System/Library/PrivateFrameworks/GenerativePartnerService.framework/Versions/A/GenerativePartnerService
0x0000000257604000 	/System/Library/PrivateFrameworks/GenerativePartnerServiceUI.framework/Versions/A/GenerativePartnerServiceUI
0x00000001b9006000 	/System/Library/Frameworks/SafariServices.framework/Versions/A/SafariServices
0x00000001b62c7000 	/System/Library/Frameworks/WebKit.framework/Versions/A/WebKit
0x000000023ac81000 	/System/Library/Frameworks/_AuthenticationServices_SwiftUI.framework/Versions/A/_AuthenticationServices_SwiftUI
0x00000001c03b8000 	/System/Library/PrivateFrameworks/AppStoreDaemon.framework/Versions/A/AppStoreDaemon
0x00000001ab2e6000 	/System/Library/PrivateFrameworks/AppleMediaServices.framework/Versions/A/AppleMediaServices
0x00000001bc5b2000 	/System/Library/PrivateFrameworks/AppleMediaServicesUI.framework/Versions/A/AppleMediaServicesUI
0x00000001eff0b000 	/System/Library/PrivateFrameworks/JetEngine.framework/Versions/A/JetEngine
0x00000001b9cec000 	/System/Library/PrivateFrameworks/OnBoardingKit.framework/Versions/A/OnBoardingKit
0x0000000273a33000 	/System/Library/PrivateFrameworks/Settings.framework/Versions/A/Settings
0x0000000233932000 	/System/Library/Frameworks/ExtensionKit.framework/Versions/A/ExtensionKit
0x0000000233975000 	/System/Library/Frameworks/FSKit.framework/Versions/A/FSKit
0x000000027e8b6000 	/System/Library/PrivateFrameworks/TextAnimationSupport.framework/Versions/A/TextAnimationSupport
0x0000000270b11000 	/System/Library/PrivateFrameworks/RecapPerformanceTesting.framework/Versions/A/RecapPerformanceTesting
0x00000001b9cdc000 	/System/Library/PrivateFrameworks/SignpostCollection.framework/Versions/A/SignpostCollection
0x00000001aac69000 	/System/Library/Frameworks/WebKit.framework/Versions/A/Frameworks/WebKitLegacy.framework/Versions/A/WebKitLegacy
0x00000001b7dbb000 	/System/Library/Frameworks/Carbon.framework/Versions/A/Carbon
0x00000001a8a4f000 	/System/Library/PrivateFrameworks/CorePrediction.framework/Versions/A/CorePrediction
0x00000001971da000 	/System/Library/Frameworks/WebKit.framework/Versions/A/Frameworks/WebCore.framework/Versions/A/Frameworks/libwebrtc.dylib
0x000000019fb81000 	/System/Library/Frameworks/SecurityInterface.framework/Versions/A/SecurityInterface
0x00000001b9ceb000 	/System/Library/PrivateFrameworks/WebInspectorUI.framework/Versions/A/WebInspectorUI
0x00000001ad9b5000 	/System/Library/Frameworks/JavaScriptCore.framework/Versions/A/JavaScriptCore
0x00000001b20d1000 	/System/Library/Frameworks/WebKit.framework/Versions/A/Frameworks/WebCore.framework/Versions/A/WebCore
0x00000001ad9ae000 	/System/Library/Frameworks/Carbon.framework/Versions/A/Frameworks/CommonPanels.framework/Versions/A/CommonPanels
0x00000001a82fd000 	/System/Library/Frameworks/Carbon.framework/Versions/A/Frameworks/Help.framework/Versions/A/Help
0x00000001ad9b2000 	/System/Library/Frameworks/Carbon.framework/Versions/A/Frameworks/ImageCapture.framework/Versions/A/ImageCapture
0x00000001ad98d000 	/System/Library/Frameworks/Carbon.framework/Versions/A/Frameworks/OpenScripting.framework/Versions/A/OpenScripting
0x00000001ad9ad000 	/System/Library/Frameworks/Carbon.framework/Versions/A/Frameworks/Ink.framework/Versions/A/Ink
0x00000001ad9aa000 	/System/Library/Frameworks/Carbon.framework/Versions/A/Frameworks/SecurityHI.framework/Versions/A/SecurityHI
0x000000028f6f1000 	/usr/lib/libInterpreterSecurity.dylib
0x00000001cea91000 	/System/Library/PrivateFrameworks/XprotectFramework.framework/Versions/A/XprotectFramework
0x00000001b139f000 	/System/Library/PrivateFrameworks/yara.framework/Versions/A/yara
0x000000028f66e000 	/usr/lib/libEndpointSecuritySystem.dylib
0x0000000232a34000 	/System/Library/Frameworks/BrowserEngineCore.framework/Versions/A/BrowserEngineCore
0x000000023a7f6000 	/System/Library/Frameworks/WebKit.framework/Versions/A/Frameworks/WebCore.framework/Versions/A/Frameworks/libANGLE-shared.dylib
0x0000000287f16000 	/System/Library/PrivateFrameworks/WebGPU.framework/Versions/A/WebGPU
0x00000001bbc2f000 	/System/Library/Frameworks/SceneKit.framework/Versions/A/SceneKit
0x00000001cd5cf000 	/System/Library/Frameworks/ModelIO.framework/Versions/A/ModelIO
0x00000001a1b66000 	/System/Library/Frameworks/MetalKit.framework/Versions/A/MetalKit
0x00000001a3ed2000 	/System/Library/Frameworks/GLKit.framework/Versions/A/GLKit
0x000000029161c000 	/usr/lib/usd/libusd_ms.dylib
0x00000002830c0000 	/System/Library/PrivateFrameworks/USDLib_FormatLoaderProxy.framework/Versions/A/USDLib_FormatLoaderProxy
0x00000002912c3000 	/usr/lib/swift/libswift_errno.dylib
0x00000001b8e3b000 	/System/Library/PrivateFrameworks/CoreOptimization.framework/Versions/A/CoreOptimization
0x000000024145a000 	/System/Library/PrivateFrameworks/AuthenticationServicesCore.framework/Versions/A/AuthenticationServicesCore
0x00000001c37f3000 	/System/Library/Frameworks/AuthenticationServices.framework/Versions/A/AuthenticationServices
0x000000019d11c000 	/System/Library/PrivateFrameworks/SharedWebCredentials.framework/Versions/A/SharedWebCredentials
0x00000001babb8000 	/System/Library/PrivateFrameworks/SafariCore.framework/Versions/A/SafariCore
0x00000001c3304000 	/System/Library/PrivateFrameworks/SafariFoundation.framework/Versions/A/SafariFoundation
0x00000002427b7000 	/System/Library/PrivateFrameworks/CBORLibrary.framework/Versions/A/CBORLibrary
0x0000000243819000 	/System/Library/PrivateFrameworks/Chirp.framework/Versions/A/Chirp
0x0000000244470000 	/System/Library/PrivateFrameworks/CloudSubscriptionFeatures.framework/Versions/A/CloudSubscriptionFeatures
0x00000001f1350000 	/System/Library/PrivateFrameworks/RemoteManagement.framework/Versions/A/RemoteManagement
0x0000000270f00000 	/System/Library/PrivateFrameworks/RemoteManagementModel.framework/Versions/A/RemoteManagementModel
0x0000000270f91000 	/System/Library/PrivateFrameworks/RemoteManagementStore.framework/Versions/A/RemoteManagementStore
0x00000001a1b85000 	/usr/lib/libxcselect.dylib
0x00000001c3273000 	/System/Library/PrivateFrameworks/DifferentialPrivacy.framework/Versions/A/DifferentialPrivacy
0x0000000263ef5000 	/System/Library/PrivateFrameworks/ManagedSettingsObjC.framework/Versions/A/ManagedSettingsObjC
0x00000001a9e3e000 	/System/Library/PrivateFrameworks/ConfigurationProfiles.framework/Versions/A/ConfigurationProfiles
0x000000025ff0b000 	/System/Library/PrivateFrameworks/LockdownMode.framework/Versions/A/LockdownMode
0x0000000283d88000 	/System/Library/PrivateFrameworks/VDAF.framework/Versions/A/VDAF
0x00000001a42b9000 	/System/Library/PrivateFrameworks/SystemAdministration.framework/Versions/A/SystemAdministration
0x00000001af8a1000 	/System/Library/PrivateFrameworks/PowerlogControl.framework/Versions/A/PowerlogControl
0x00000001af8a3000 	/usr/lib/libUniversalAccess.dylib
0x00000001abdb9000 	/System/Library/PrivateFrameworks/FamilyControls.framework/Versions/A/FamilyControls
0x00000001a3b98000 	/System/Library/Frameworks/DirectoryService.framework/Versions/A/DirectoryService
0x00000001a8393000 	/System/Library/PrivateFrameworks/LoginUIKit.framework/Versions/A/Frameworks/LoginUICore.framework/Versions/A/LoginUICore
0x000000019d7ea000 	/usr/lib/libodfde.dylib
0x00000001abdb3000 	/System/Library/PrivateFrameworks/UniversalAccess.framework/Versions/A/Libraries/libUAPreferences.dylib
0x00000001abddb000 	/System/Library/PrivateFrameworks/CommerceKit.framework/Versions/A/Frameworks/CommerceCore.framework/Versions/A/CommerceCore
0x000000019fbbb000 	/System/Library/PrivateFrameworks/CoreFollowUp.framework/Versions/A/CoreFollowUp
0x000000024b85b000 	/System/Library/PrivateFrameworks/DMCUtilities.framework/Versions/A/DMCUtilities
0x000000025ff9a000 	/System/Library/PrivateFrameworks/MDMClientLibrary.framework/Versions/A/MDMClientLibrary
0x0000000270f85000 	/System/Library/PrivateFrameworks/RemoteManagementProtocol.framework/Versions/A/RemoteManagementProtocol
0x000000024b7bc000 	/System/Library/PrivateFrameworks/DEPClientLibrary.framework/Versions/A/DEPClientLibrary
0x000000024b7e9000 	/System/Library/PrivateFrameworks/DMCEnrollmentLibrary.framework/Versions/A/DMCEnrollmentLibrary
0x00000001af989000 	/System/Library/PrivateFrameworks/SetupAssistantFramework.framework/Versions/A/SetupAssistantFramework
0x00000001a8aa5000 	/System/Library/PrivateFrameworks/AuthKitUI.framework/Versions/A/AuthKitUI
0x00000001a83dd000 	/System/Library/PrivateFrameworks/AppSSO.framework/Versions/A/AppSSO
0x00000001c010b000 	/System/Library/PrivateFrameworks/LocalAuthenticationUI.framework/Versions/A/LocalAuthenticationUI
0x000000026e499000 	/System/Library/PrivateFrameworks/PlatformSSO.framework/Versions/A/PlatformSSO
0x000000026e587000 	/System/Library/PrivateFrameworks/PlatformSSOCore.framework/Versions/A/PlatformSSOCore
0x0000000234c2c000 	/System/Library/Frameworks/LocalAuthenticationEmbeddedUI.framework/Versions/A/LocalAuthenticationEmbeddedUI
0x00000001c0c04000 	/System/Library/PrivateFrameworks/AOSUI.framework/Versions/A/AOSUI
0x00000001b1703000 	/System/Library/Frameworks/ContactsUI.framework/Versions/A/ContactsUI
0x00000001a4f23000 	/System/Library/PrivateFrameworks/FamilyCircle.framework/Versions/A/FamilyCircle
0x00000001ceea0000 	/System/Library/Frameworks/LinkPresentation.framework/Versions/A/LinkPresentation
0x00000001b1283000 	/System/Library/PrivateFrameworks/IASUtilities.framework/Versions/A/IASUtilities
0x000000025a98a000 	/System/Library/PrivateFrameworks/IASUtilitiesCore.framework/Versions/A/IASUtilitiesCore
0x0000000270ffb000 	/System/Library/PrivateFrameworks/RemoteUI.framework/Versions/A/RemoteUI
0x000000025f21e000 	/System/Library/PrivateFrameworks/LiftUI.framework/Versions/A/LiftUI
0x0000000289cf7000 	/System/Library/PrivateFrameworks/_IconServices_SwiftUI.framework/Versions/A/_IconServices_SwiftUI
0x00000002443a6000 	/System/Library/PrivateFrameworks/CloudSettings.framework/Versions/A/CloudSettings
0x00000001aaa34000 	/System/Library/Frameworks/EventKit.framework/Versions/A/EventKit
0x00000001b9f05000 	/System/Library/PrivateFrameworks/SearchFoundation.framework/Versions/A/SearchFoundation
0x00000001d1009000 	/System/Library/PrivateFrameworks/Email.framework/Versions/A/Email
0x00000001b8a4a000 	/System/Library/PrivateFrameworks/CoreRoutine.framework/Versions/A/CoreRoutine
0x00000001f0ca6000 	/System/Library/PrivateFrameworks/VoiceShortcutClient.framework/Versions/A/VoiceShortcutClient
0x00000001c8a21000 	/System/Library/PrivateFrameworks/Categories.framework/Versions/A/Categories
0x00000001c0aa8000 	/System/Library/PrivateFrameworks/ChronoServices.framework/Versions/A/ChronoServices
0x0000000243250000 	/System/Library/PrivateFrameworks/CalendarDatabase.framework/Versions/A/CalendarDatabase
0x0000000243191000 	/System/Library/PrivateFrameworks/CalendarDaemon.framework/Versions/A/CalendarDaemon
0x00000001a9d79000 	/System/Library/PrivateFrameworks/CalendarFoundation.framework/Versions/A/CalendarFoundation
0x00000001a9d34000 	/System/Library/PrivateFrameworks/iCalendar.framework/Versions/A/iCalendar
0x000000024ba60000 	/System/Library/PrivateFrameworks/DataAccessExpress.framework/Versions/A/DataAccessExpress
0x00000001b186b000 	/System/Library/PrivateFrameworks/ContactsAutocomplete.framework/Versions/A/ContactsAutocomplete
0x00000001c09f4000 	/System/Library/PrivateFrameworks/FTClientServices.framework/Versions/A/FTClientServices
0x000000027d004000 	/System/Library/PrivateFrameworks/StorageContainersPrivate.framework/Versions/A/StorageContainersPrivate
0x0000000290f52000 	/usr/lib/swift/libswiftCoreMediaIO.dylib
0x00000001b1104000 	/System/Library/PrivateFrameworks/CoreDAV.framework/Versions/A/CoreDAV
0x00000001aa8fe000 	/System/Library/PrivateFrameworks/CalDAV.framework/Versions/A/CalDAV
0x00000001b5f1c000 	/System/Library/PrivateFrameworks/TelephonyUtilities.framework/Versions/A/TelephonyUtilities
0x0000000234be8000 	/System/Library/Frameworks/LiveCommunicationKit.framework/Versions/A/LiveCommunicationKit
0x0000000244ccb000 	/System/Library/PrivateFrameworks/CommunicationTrust.framework/Versions/A/CommunicationTrust
0x00000001ba9c7000 	/System/Library/Frameworks/CallKit.framework/Versions/A/CallKit
0x00000001a4f1c000 	/System/Library/PrivateFrameworks/CommunicationsFilter.framework/Versions/A/CommunicationsFilter
0x00000001e58b4000 	/System/Library/PrivateFrameworks/IMTransferServices.framework/Versions/A/IMTransferServices
0x00000001b8e54000 	/System/Library/PrivateFrameworks/IncomingCallFilter.framework/Versions/A/IncomingCallFilter
0x000000026924a000 	/System/Library/PrivateFrameworks/NeighborhoodActivityConduit.framework/Versions/A/NeighborhoodActivityConduit
0x00000001bcf7e000 	/System/Library/PrivateFrameworks/CallHistory.framework/Versions/A/CallHistory
0x000000028f4fe000 	/usr/lib/libBASupport.dylib
0x0000000243697000 	/System/Library/PrivateFrameworks/CallsUtilities.framework/Versions/A/CallsUtilities
0x00000002436a3000 	/System/Library/PrivateFrameworks/CallsXPC.framework/Versions/A/CallsXPC
0x00000001f14bb000 	/usr/lib/swift/libswiftCallKit.dylib
0x0000000243689000 	/System/Library/PrivateFrameworks/CallsPersistence.framework/Versions/A/CallsPersistence
0x0000000238802000 	/System/Library/Frameworks/SensitiveContentAnalysis.framework/Versions/A/SensitiveContentAnalysis
0x00000001bdffe000 	/System/Library/PrivateFrameworks/PeopleSuggester.framework/Versions/A/PeopleSuggester
0x00000001c7792000 	/System/Library/PrivateFrameworks/SpotlightReceiver.framework/Versions/A/SpotlightReceiver
0x0000000289cb7000 	/System/Library/PrivateFrameworks/_AppIntentsServices_AppIntents.framework/Versions/A/_AppIntentsServices_AppIntents
0x000000023e35a000 	/System/Library/PrivateFrameworks/AppIntentsServices.framework/Versions/A/AppIntentsServices
0x00000001a9d1d000 	/System/Library/PrivateFrameworks/CoreRecents.framework/Versions/A/CoreRecents
0x000000023ad04000 	/System/Library/Frameworks/_GeoToolbox_AppIntents.framework/Versions/A/_GeoToolbox_AppIntents
0x00000001daec5000 	/System/Library/PrivateFrameworks/DiagnosticRequest.framework/Versions/A/DiagnosticRequest
0x0000000270bc2000 	/System/Library/PrivateFrameworks/RegulatoryDomain.framework/Versions/A/RegulatoryDomain
0x00000001a3fab000 	/usr/lib/libCTGreenTeaLogger.dylib
0x000000025fede000 	/System/Library/PrivateFrameworks/LocalStatusKit.framework/Versions/A/LocalStatusKit
0x00000001b5e02000 	/System/Library/PrivateFrameworks/CoreParsec.framework/Versions/A/CoreParsec
0x00000001d0ffd000 	/System/Library/PrivateFrameworks/EmailAddressing.framework/Versions/A/EmailAddressing
0x00000001ccdd8000 	/System/Library/PrivateFrameworks/EmailCore.framework/Versions/A/EmailCore
0x00000001cdecd000 	/System/Library/PrivateFrameworks/EmailFoundation.framework/Versions/A/EmailFoundation
0x000000026bd6e000 	/System/Library/PrivateFrameworks/PegasusAPI.framework/Versions/A/PegasusAPI
0x000000026cb2a000 	/System/Library/PrivateFrameworks/PegasusConfiguration.framework/Versions/A/PegasusConfiguration
0x00000002814ec000 	/System/Library/PrivateFrameworks/ToolKit.framework/Versions/A/ToolKit
0x00000002713b5000 	/System/Library/PrivateFrameworks/ReplicatorEngine.framework/Versions/A/ReplicatorEngine
0x0000000271570000 	/System/Library/PrivateFrameworks/ReplicatorServices.framework/Versions/A/ReplicatorServices
0x000000027e17a000 	/System/Library/PrivateFrameworks/SystemWake.framework/Versions/A/SystemWake
0x00000001bab9e000 	/System/Library/PrivateFrameworks/ContextKit.framework/Versions/A/ContextKit
0x0000000245269000 	/System/Library/PrivateFrameworks/ContextKitCore.framework/Versions/A/ContextKitCore
0x00000001b90fb000 	/System/Library/Frameworks/LocalAuthentication.framework/Support/DaemonUtils.framework/Versions/A/DaemonUtils
0x000000025fe40000 	/System/Library/PrivateFrameworks/LocalAuthenticationCoreUI.framework/Versions/A/LocalAuthenticationCoreUI
0x00000001bc578000 	/System/Library/PrivateFrameworks/BridgeXPC.framework/Versions/A/BridgeXPC
0x00000001b9dcc000 	/System/Library/PrivateFrameworks/CoreKDL.framework/Versions/A/CoreKDL
0x00000001b83e0000 	/System/Library/PrivateFrameworks/EmbeddedOSSupportHost.framework/Versions/A/EmbeddedOSSupportHost
0x00000001ac924000 	/System/Library/PrivateFrameworks/LoginUIKit.framework/Versions/A/LoginUIKit
0x00000001c8f21000 	/System/Library/PrivateFrameworks/StorageKit.framework/Versions/A/StorageKit
0x0000000230136000 	/System/Library/Frameworks/DeviceCheck.framework/Versions/A/DeviceCheck
0x000000024c467000 	/System/Library/PrivateFrameworks/DiskImages2.framework/Versions/A/DiskImages2
0x00000001c8f9b000 	/System/Library/PrivateFrameworks/CoreWLANKit.framework/Versions/A/CoreWLANKit
0x000000028726c000 	/System/Library/PrivateFrameworks/Wallpaper.framework/Versions/A/Wallpaper
0x0000000290f6d000 	/usr/lib/swift/libswiftGLKit.dylib
0x0000000290f79000 	/usr/lib/swift/libswiftMetalKit.dylib
0x0000000290f7b000 	/usr/lib/swift/libswiftModelIO.dylib
0x000000029103e000 	/usr/lib/swift/libswiftSceneKit.dylib
0x00000001d1f8b000 	/System/Library/PrivateFrameworks/DynamicDesktop.framework/Versions/A/DynamicDesktop
0x00000002873ff000 	/System/Library/PrivateFrameworks/WallpaperFoundation.framework/Versions/A/WallpaperFoundation
0x000000028745e000 	/System/Library/PrivateFrameworks/WallpaperTypes.framework/Versions/A/WallpaperTypes
0x00000001e76bb000 	/System/Library/PrivateFrameworks/SystemDesktopAppearance.framework/Versions/A/SystemDesktopAppearance
0x000000028cdc6000 	/System/Library/PrivateFrameworks/icloudMCCKit.framework/Versions/A/icloudMCCKit
0x000000023f715000 	/System/Library/PrivateFrameworks/AppleAccountUI.framework/Versions/A/AppleAccountUI
0x00000001db4eb000 	/System/Library/PrivateFrameworks/PreferencePanesSupport.framework/Versions/A/PreferencePanesSupport
0x00000001c0db2000 	/System/Library/PrivateFrameworks/FindMyDeviceUI.framework/Versions/A/FindMyDeviceUI
0x000000028a99f000 	/System/Library/PrivateFrameworks/iCloudQuotaUI.framework/Versions/A/iCloudQuotaUI
0x00000001db69c000 	/System/Library/PrivateFrameworks/CoreCDPUI.framework/Versions/A/CoreCDPUI
0x00000001ba8f7000 	/System/Library/PrivateFrameworks/CoreFollowUpUI.framework/Versions/A/CoreFollowUpUI
0x00000001c7a17000 	/System/Library/PrivateFrameworks/IMCore.framework/Versions/A/IMCore
0x00000001af909000 	/System/Library/PrivateFrameworks/CoreCDP.framework/Versions/A/CoreCDP
0x00000001ab2d1000 	/System/Library/PrivateFrameworks/AskPermission.framework/Versions/A/AskPermission
0x00000001be71e000 	/System/Library/Frameworks/Quartz.framework/Versions/A/Quartz
0x00000001cb48c000 	/System/Library/PrivateFrameworks/CloudPhotoServicesConfiguration.framework/Versions/A/CloudPhotoServicesConfiguration
0x00000001bcd9e000 	/System/Library/PrivateFrameworks/CommerceKit.framework/Versions/A/CommerceKit
0x00000001cceaa000 	/System/Library/PrivateFrameworks/FindMyMac.framework/Versions/A/FindMyMac
0x00000001ccd7a000 	/System/Library/Frameworks/PreferencePanes.framework/Versions/A/PreferencePanes
0x00000001c01f9000 	/System/Library/Frameworks/AddressBook.framework/Versions/A/AddressBook
0x00000001aa163000 	/System/Library/PrivateFrameworks/AOSAccounts.framework/Versions/A/AOSAccounts
0x00000001a42b3000 	/System/Library/PrivateFrameworks/AppleSRP.framework/Versions/A/AppleSRP
0x00000001a8c90000 	/System/Library/PrivateFrameworks/NetFSServer.framework/Versions/A/NetFSServer
0x00000001bbb06000 	/System/Library/Frameworks/PDFKit.framework/Versions/A/PDFKit
0x0000000290f91000 	/usr/lib/swift/libswiftPassKit.dylib
0x00000001df7c4000 	/System/Library/Frameworks/PassKit.framework/Versions/A/PassKit
0x00000001aca33000 	/System/Library/PrivateFrameworks/PassKitCore.framework/Versions/A/PassKitCore
0x000000026b688000 	/System/Library/PrivateFrameworks/PassKitMacHelperTemp.framework/Versions/A/PassKitMacHelperTemp
0x000000028f459000 	/usr/lib/libAppleSSE.dylib
0x00000001b9143000 	/System/Library/PrivateFrameworks/BiometricKit.framework/Versions/A/BiometricKit
0x0000000271bce000 	/System/Library/PrivateFrameworks/SEService.framework/Versions/A/SEService
0x0000000233a3f000 	/System/Library/Frameworks/FinanceKit.framework/Versions/A/FinanceKit
0x00000001be7ca000 	/System/Library/PrivateFrameworks/NearField.framework/Versions/A/NearField
0x0000000271b45000 	/System/Library/PrivateFrameworks/SESShared.framework/Versions/A/SESShared
0x0000000271e50000 	/System/Library/PrivateFrameworks/STSXPCHelperClient.framework/Versions/A/STSXPCHelperClient
0x00000001c0613000 	/usr/lib/libnfshared.dylib
0x000000027def9000 	/System/Library/PrivateFrameworks/Symptoms.framework/Versions/A/Frameworks/SymptomPresentationFeed.framework/Versions/A/SymptomPresentationFeed
0x00000002401f0000 	/System/Library/PrivateFrameworks/AppleMediaServicesKitInternal.framework/Versions/A/AppleMediaServicesKitInternal
0x000000027dc33000 	/System/Library/PrivateFrameworks/SymptomShared.framework/Versions/A/SymptomShared
0x00000001e2735000 	/System/Library/PrivateFrameworks/PassKitUIFoundation.framework/Versions/A/PassKitUIFoundation
0x00000001a3bd6000 	/System/Library/Frameworks/MapKit.framework/Versions/A/MapKit
0x00000002576a8000 	/System/Library/PrivateFrameworks/GeoAnalytics.framework/Versions/A/GeoAnalytics
0x00000001c0642000 	/System/Library/PrivateFrameworks/Navigation.framework/Versions/A/Navigation
0x00000001ca50c000 	/System/Library/PrivateFrameworks/VectorKit.framework/Versions/A/VectorKit
0x00000001b134c000 	/System/Library/PrivateFrameworks/VirtualGarage.framework/Versions/A/VirtualGarage
0x00000001c083f000 	/System/Library/Frameworks/ExternalAccessory.framework/ExternalAccessory
0x00000001c085a000 	/System/Library/PrivateFrameworks/IAP.framework/Versions/A/IAP
0x00000001a3e98000 	/System/Library/PrivateFrameworks/IOPlatformPluginFamily.framework/Versions/A/IOPlatformPluginFamily
0x00000002415b0000 	/System/Library/PrivateFrameworks/AvatarKit.framework/Versions/A/AvatarKit
0x000000024166f000 	/System/Library/PrivateFrameworks/AvatarPersistence.framework/Versions/A/AvatarPersistence
0x000000023a16f000 	/System/Library/Frameworks/TipKit.framework/Versions/A/TipKit
0x00000001ac4dc000 	/System/Library/PrivateFrameworks/IMSharedUtilities.framework/Versions/A/IMSharedUtilities
0x0000000290f32000 	/usr/lib/swift/libswiftAppleArchive.dylib
0x0000000283e84000 	/System/Library/PrivateFrameworks/VFX.framework/Versions/A/VFX
0x00000001dd319000 	/System/Library/PrivateFrameworks/AppleCVA.framework/Versions/A/AppleCVA
0x000000024166e000 	/System/Library/PrivateFrameworks/AvatarKitContent.framework/Versions/A/AvatarKitContent
0x0000000235995000 	/System/Library/Frameworks/MetalFX.framework/Versions/A/MetalFX
0x0000000244de2000 	/System/Library/PrivateFrameworks/CompositorNonUI.framework/Versions/A/CompositorNonUI
0x0000000231cad000 	/System/Library/Frameworks/ARKit.framework/Versions/A/ARKit
0x000000023c9a3000 	/System/Library/PrivateFrameworks/ARKitCore.framework/Versions/A/ARKitCore
0x000000028f54a000 	/usr/lib/libDisplayWarpSupport.dylib
0x00000002470b5000 	/System/Library/PrivateFrameworks/CoreComposite.framework/Versions/A/CoreComposite
0x000000028ff2b000 	/usr/lib/libchannel.dylib
0x0000000290b8b000 	/usr/lib/librealtime_safety.dylib
0x000000023ca2f000 	/System/Library/PrivateFrameworks/ARKitFoundation.framework/Versions/A/ARKitFoundation
0x000000023f7b1000 	/System/Library/PrivateFrameworks/AppleDepth.framework/Versions/A/AppleDepth
0x000000023f92e000 	/System/Library/PrivateFrameworks/AppleDepthCore.framework/Versions/A/AppleDepthCore
0x00000001a3fd3000 	/System/Library/PrivateFrameworks/CoreAppleCVA.framework/Versions/A/CoreAppleCVA
0x00000001b1482000 	/System/Library/PrivateFrameworks/ContactsUICore.framework/Versions/A/ContactsUICore
0x00000001b8f6f000 	/System/Library/PrivateFrameworks/ContactsDonation.framework/Versions/A/ContactsDonation
0x00000001b881c000 	/System/Library/PrivateFrameworks/DataDetectors.framework/Versions/A/DataDetectors
0x00000001aa8ea000 	/System/Library/Frameworks/MediaLibrary.framework/Versions/A/MediaLibrary
0x00000001a4f0b000 	/System/Library/PrivateFrameworks/PersonaKit.framework/Versions/A/PersonaKit
0x00000001b146f000 	/System/Library/PrivateFrameworks/PersonaUI.framework/Versions/A/PersonaUI
0x00000001cc76e000 	/System/Library/PrivateFrameworks/Transparency.framework/Versions/A/Transparency
0x000000024dfc8000 	/System/Library/PrivateFrameworks/FindMyLocate.framework/Versions/A/FindMyLocate
0x00000001ba874000 	/System/Library/PrivateFrameworks/IntlPreferences.framework/Versions/A/IntlPreferences
0x000000024b114000 	/System/Library/PrivateFrameworks/CoreTransparency.framework/Versions/A/CoreTransparency
0x000000024de9c000 	/System/Library/PrivateFrameworks/FindMyCommon.framework/Versions/A/FindMyCommon
0x000000024dc6f000 	/System/Library/PrivateFrameworks/FindMyBase.framework/Versions/A/FindMyBase
0x000000023742d000 	/System/Library/Frameworks/NearbyInteraction.framework/Versions/A/NearbyInteraction
0x00000001a4af7000 	/System/Library/PrivateFrameworks/AddressBookCore.framework/Versions/A/AddressBookCore
0x00000001c0396000 	/System/Library/PrivateFrameworks/ToneKit.framework/Versions/A/ToneKit
0x00000001ba8bb000 	/System/Library/PrivateFrameworks/ToneLibrary.framework/Versions/A/ToneLibrary
0x00000002450eb000 	/System/Library/PrivateFrameworks/ContactsAccounts.framework/Versions/A/ContactsAccounts
0x00000001be635000 	/System/Library/PrivateFrameworks/Lookup.framework/Versions/A/Lookup
0x0000000237d4e000 	/System/Library/Frameworks/QuickLookUI.framework/Versions/A/QuickLookUI
0x000000023877b000 	/System/Library/Frameworks/ScreenCaptureKit.framework/Versions/A/ScreenCaptureKit
0x00000001bb625000 	/System/Library/Frameworks/Quartz.framework/Versions/A/Frameworks/QuartzComposer.framework/Versions/A/QuartzComposer
0x00000001ba84b000 	/System/Library/Frameworks/Quartz.framework/Versions/A/Frameworks/QuartzFilters.framework/Versions/A/QuartzFilters
0x00000001b98d0000 	/System/Library/Frameworks/Quartz.framework/Versions/A/Frameworks/ImageKit.framework/Versions/A/ImageKit
0x0000000231aae000 	/System/Library/Frameworks/OpenCL.framework/Versions/A/OpenCL
0x00000001b7dba000 	/System/Library/PrivateFrameworks/CorePDF.framework/Versions/A/CorePDF
0x00000001a1aff000 	/System/Library/Frameworks/QuickLook.framework/Versions/A/QuickLook
0x00000001ac91f000 	/System/Library/PrivateFrameworks/DisplayServices.framework/Versions/A/DisplayServices
0x00000001ba7cf000 	/System/Library/Frameworks/ImageCaptureCore.framework/Versions/A/ImageCaptureCore
0x0000000285dac000 	/System/Library/PrivateFrameworks/VisionKitCore.framework/Versions/A/VisionKitCore
0x00000001b5dd2000 	/System/Library/PrivateFrameworks/QuickLookSupport.framework/Versions/A/QuickLookSupport
0x00000002647ff000 	/System/Library/PrivateFrameworks/MediaAnalysisServices.framework/Versions/A/MediaAnalysisServices
0x00000001bd5bc000 	/System/Library/PrivateFrameworks/PhotoLibraryServices.framework/Versions/A/PhotoLibraryServices
0x00000001ba3e0000 	/System/Library/Frameworks/Photos.framework/Versions/A/Photos
0x00000001cf2a1000 	/System/Library/PrivateFrameworks/PhotosFormats.framework/Versions/A/PhotosFormats
0x0000000284edd000 	/System/Library/PrivateFrameworks/VectorSearch.framework/Versions/A/VectorSearch
0x00000001cb4b8000 	/System/Library/PrivateFrameworks/CloudPhotoLibrary.framework/Versions/A/CloudPhotoLibrary
0x00000001d4d50000 	/System/Library/PrivateFrameworks/CloudPhotoServices.framework/Versions/A/CloudPhotoServices
0x00000001d1180000 	/System/Library/PrivateFrameworks/CoreMediaStream.framework/Versions/A/CoreMediaStream
0x00000001a55da000 	/System/Library/PrivateFrameworks/CPAnalytics.framework/Versions/A/CPAnalytics
0x00000001cd506000 	/System/Library/PrivateFrameworks/MediaConversionService.framework/Versions/A/MediaConversionService
0x00000001ac4c8000 	/System/Library/PrivateFrameworks/PhotoFoundation.framework/Versions/A/PhotoFoundation
0x000000026d159000 	/System/Library/PrivateFrameworks/PhotoLibraryServicesCore.framework/Versions/A/PhotoLibraryServicesCore
0x00000001c70fd000 	/System/Library/PrivateFrameworks/MMCS.framework/Versions/A/MMCS
0x00000001aa745000 	/System/Library/PrivateFrameworks/ChunkingLibrary.framework/Versions/A/ChunkingLibrary
0x00000001a4280000 	/System/Library/PrivateFrameworks/AssetCacheServices.framework/Versions/A/AssetCacheServices
0x00000001a6286000 	/System/Library/PrivateFrameworks/AVFoundationCF.framework/Versions/A/AVFoundationCF
0x00000001e57ab000 	/usr/lib/swift/libswiftDemangle.dylib
0x000000025ab79000 	/System/Library/PrivateFrameworks/ImageCaptureDevices.framework/Versions/A/ImageCaptureDevices
0x00000001b8ae0000 	/System/Library/PrivateFrameworks/MediaStream.framework/Versions/A/MediaStream
0x00000001cd9f4000 	/System/Library/PrivateFrameworks/NeutrinoCore.framework/Versions/A/NeutrinoCore
0x00000001933f8000 	/System/Library/PrivateFrameworks/NLP.framework/Versions/A/NLP
0x00000001d3aa5000 	/System/Library/PrivateFrameworks/PhotoImaging.framework/Versions/A/PhotoImaging
0x00000001d4d11000 	/System/Library/PrivateFrameworks/PhotosImagingFoundation.framework/Versions/A/PhotosImagingFoundation
0x000000026dd04000 	/System/Library/PrivateFrameworks/PhotosIntelligenceCore.framework/Versions/A/PhotosIntelligenceCore
0x00000001a671e000 	/System/Library/PrivateFrameworks/EmbeddedAcousticRecognition.framework/Versions/A/EmbeddedAcousticRecognition
0x00000001c25d0000 	/System/Library/PrivateFrameworks/EmojiFoundation.framework/Versions/A/EmojiFoundation
0x00000001cb732000 	/System/Library/PrivateFrameworks/SDAPI.framework/Versions/A/SDAPI
0x000000025e8e5000 	/System/Library/PrivateFrameworks/IsolatedContextLogging.framework/Versions/A/IsolatedContextLogging
0x00000001d4d5f000 	/System/Library/PrivateFrameworks/AutoLoop.framework/Versions/A/AutoLoop
0x000000026e92b000 	/System/Library/PrivateFrameworks/Portrait.framework/Versions/A/Portrait
0x000000024e6f2000 	/System/Library/PrivateFrameworks/FusionTracker.framework/Versions/A/FusionTracker
0x00000001bb0a8000 	/System/Library/PrivateFrameworks/iTunesCloud.framework/Versions/A/iTunesCloud
0x00000001c44fc000 	/System/Library/PrivateFrameworks/DAAPKit.framework/Versions/A/DAAPKit
0x00000001b616d000 	/System/Library/PrivateFrameworks/DeviceManagement.framework/Versions/A/DeviceManagement
0x00000001dae17000 	/System/Library/PrivateFrameworks/ScreenTimeUI.framework/Versions/A/ScreenTimeUI
0x00000001b8816000 	/System/Library/PrivateFrameworks/QuickLookNonBaseSystem.framework/Versions/A/QuickLookNonBaseSystem
0x00000001b9046000 	/System/Library/PrivateFrameworks/Catalyst.framework/Versions/A/Catalyst
0x00000001baa6f000 	/System/Library/PrivateFrameworks/ScreenTimeCore.framework/Versions/A/ScreenTimeCore
0x00000001ce6fb000 	/System/Library/PrivateFrameworks/ScreenTimeServiceUI.framework/Versions/A/ScreenTimeServiceUI
0x00000001c728f000 	/System/Library/PrivateFrameworks/ConfigurationEngineModel.framework/Versions/A/ConfigurationEngineModel
0x00000001ca4c6000 	/System/Library/PrivateFrameworks/UsageTracking.framework/Versions/A/UsageTracking
0x000000023368c000 	/System/Library/Frameworks/DeviceActivity.framework/Versions/A/DeviceActivity
0x00000001ca495000 	/System/Library/PrivateFrameworks/KnowledgeMonitor.framework/Versions/A/KnowledgeMonitor
0x00000001e26db000 	/System/Library/PrivateFrameworks/BluetoothManager.framework/Versions/A/BluetoothManager
0x0000000234d1f000 	/System/Library/Frameworks/ManagedSettings.framework/Versions/A/ManagedSettings
0x0000000263f3a000 	/System/Library/PrivateFrameworks/ManagedSettingsSupport.framework/Versions/A/ManagedSettingsSupport
0x00000001df895000 	/System/Library/Frameworks/ReplayKit.framework/Versions/A/ReplayKit
0x00000001ad947000 	/System/Library/PrivateFrameworks/MarkupUI.framework/Versions/A/MarkupUI
0x00000001b87ed000 	/System/Library/PrivateFrameworks/SidecarCore.framework/Versions/A/SidecarCore
0x00000001bb4d9000 	/System/Library/PrivateFrameworks/AnnotationKit.framework/Versions/A/AnnotationKit
0x00000001b9b03000 	/System/Library/Frameworks/PencilKit.framework/Versions/A/PencilKit
0x00000001b9cc7000 	/System/Library/PrivateFrameworks/SidecarUI.framework/Versions/A/SidecarUI
0x00000001b946e000 	/System/Library/PrivateFrameworks/CoreHandwriting.framework/Versions/A/CoreHandwriting
0x000000018cfda000 	/usr/lib/libmecabra.dylib
0x00000001b1a7d000 	/System/Library/PrivateFrameworks/Calculate.framework/Versions/A/Calculate
0x000000019cece000 	/usr/lib/libChineseTokenizer.dylib
0x00000001f1275000 	/System/Library/PrivateFrameworks/ScreenReaderCore.framework/Versions/A/ScreenReaderCore
0x000000027cf96000 	/System/Library/PrivateFrameworks/StocksKit.framework/Versions/A/StocksKit
0x00000001b0a24000 	/System/Library/PrivateFrameworks/OAuth.framework/Versions/A/OAuth
0x000000027cc8c000 	/System/Library/PrivateFrameworks/StocksCore.framework/Versions/A/StocksCore
0x000000027e490000 	/System/Library/PrivateFrameworks/TeaFoundation.framework/Versions/A/TeaFoundation
0x000000027e677000 	/System/Library/PrivateFrameworks/TeaSettings.framework/Versions/A/TeaSettings
0x00000001e6eca000 	/System/Library/PrivateFrameworks/NewsCore.framework/Versions/A/NewsCore
0x000000027e42d000 	/System/Library/PrivateFrameworks/TeaDB.framework/Versions/A/TeaDB
0x00000001e3854000 	/System/Library/PrivateFrameworks/RemoteConfiguration.framework/Versions/A/RemoteConfiguration
0x00000001e6aae000 	/System/Library/PrivateFrameworks/NewsTransport.framework/Versions/A/NewsTransport
0x00000001e6eba000 	/System/Library/PrivateFrameworks/NewsFoundation.framework/Versions/A/NewsFoundation
0x0000000269852000 	/System/Library/PrivateFrameworks/NewsURLBucket.framework/Versions/A/NewsURLBucket
0x00000001bd1bb000 	/System/Library/PrivateFrameworks/MobileInstallation.framework/Versions/A/MobileInstallation
0x000000023a2d8000 	/System/Library/Frameworks/Translation.framework/Versions/A/Translation
0x00000001d673c000 	/System/Library/PrivateFrameworks/RevealCore.framework/Versions/A/RevealCore
0x00000001d6730000 	/System/Library/PrivateFrameworks/Reveal.framework/Versions/A/Reveal
0x00000001ce3a6000 	/System/Library/Frameworks/Speech.framework/Versions/A/Speech
0x000000023b7ce000 	/System/Library/PrivateFrameworks/AIMLExperimentationAnalytics.framework/Versions/A/AIMLExperimentationAnalytics
0x000000023dc7a000 	/System/Library/PrivateFrameworks/AlgorithmsInternal.framework/Versions/A/AlgorithmsInternal
0x0000000281df2000 	/System/Library/PrivateFrameworks/TranslationUIServices.framework/Versions/A/TranslationUIServices
0x0000000280b43000 	/System/Library/PrivateFrameworks/TipKitCore.framework/Versions/A/TipKitCore
0x00000001c2655000 	/System/Library/PrivateFrameworks/CoreCDPInternal.framework/Versions/A/CoreCDPInternal
0x000000025b353000 	/System/Library/PrivateFrameworks/InputAnalytics.framework/Versions/A/InputAnalytics
0x00000001c8318000 	/System/Library/Frameworks/InstantMessage.framework/Versions/A/InstantMessage
0x00000001c0104000 	/System/Library/PrivateFrameworks/IDSKVStore.framework/Versions/A/IDSKVStore
0x00000001bfda2000 	/System/Library/PrivateFrameworks/IMDPersistence.framework/Versions/A/IMDPersistence
0x0000000283d7e000 	/System/Library/PrivateFrameworks/UserSafety.framework/Versions/A/UserSafety
0x00000001e1740000 	/System/Library/PrivateFrameworks/BlastDoor.framework/Versions/A/BlastDoor
0x000000025fa4c000 	/System/Library/PrivateFrameworks/LinkPresentationStyleSheetParsing.framework/Versions/A/LinkPresentationStyleSheetParsing
0x000000026eaec000 	/System/Library/PrivateFrameworks/PosterFoundation.framework/Versions/A/PosterFoundation
0x000000026eb7a000 	/System/Library/PrivateFrameworks/PosterModel.framework/Versions/A/PosterModel
0x000000026eb54000 	/System/Library/PrivateFrameworks/PosterFuturesKit.framework/Versions/A/PosterFuturesKit
0x000000024da46000 	/System/Library/PrivateFrameworks/FeedbackService.framework/Versions/A/FeedbackService
0x00000001b8ec3000 	/System/Library/PrivateFrameworks/CoreSDB.framework/Versions/A/CoreSDB
0x0000000240d2f000 	/System/Library/PrivateFrameworks/AskToCore.framework/Versions/A/AskToCore
0x00000001db699000 	/System/Library/PrivateFrameworks/MachineSettings.framework/Versions/A/MachineSettings
0x00000001cccf3000 	/System/Library/PrivateFrameworks/BezelServices.framework/Versions/A/BezelServices
0x00000001c4587000 	/System/Library/PrivateFrameworks/SPOwner.framework/Versions/A/SPOwner
0x00000001bce03000 	/System/Library/PrivateFrameworks/FMCore.framework/Versions/A/FMCore
0x000000028a8f1000 	/System/Library/PrivateFrameworks/iCloudQuota.framework/Versions/A/iCloudQuota
0x00000001b13e8000 	/System/Library/PrivateFrameworks/CoreRecognition.framework/Versions/A/CoreRecognition
0x00000001ccdb3000 	/System/Library/PrivateFrameworks/InAppMessages.framework/Versions/A/InAppMessages
0x00000001efe24000 	/System/Library/PrivateFrameworks/JetUI.framework/Versions/A/JetUI
0x000000025ec44000 	/System/Library/PrivateFrameworks/JetPack.framework/Versions/A/JetPack
0x00000001ccdaa000 	/System/Library/PrivateFrameworks/InAppMessagesCore.framework/Versions/A/InAppMessagesCore
0x0000000289d07000 	/System/Library/PrivateFrameworks/_JetEngine_SwiftUI.framework/Versions/A/_JetEngine_SwiftUI
0x000000027df22000 	/System/Library/PrivateFrameworks/Synapse.framework/Versions/A/Synapse
0x0000000242fdf000 	/System/Library/PrivateFrameworks/CSExattrCrypto.framework/Versions/A/CSExattrCrypto
0x00000001be32c000 	/System/Library/PrivateFrameworks/StoreFoundation.framework/Versions/A/StoreFoundation
0x00000001bcdfd000 	/System/Library/PrivateFrameworks/ServerInformation.framework/Versions/A/ServerInformation
0x00000001bc812000 	/System/Library/PrivateFrameworks/Install.framework/Frameworks/DistributionKit.framework/Versions/A/DistributionKit
0x00000001b5ba6000 	/System/Library/PrivateFrameworks/PackageKit.framework/Versions/A/PackageKit
0x00000001bc835000 	/System/Library/PrivateFrameworks/OSPersonalization.framework/Versions/A/OSPersonalization
0x00000001be893000 	/System/Library/PrivateFrameworks/BridgeOSSoftwareUpdate.framework/Versions/A/BridgeOSSoftwareUpdate
0x00000001b936b000 	/System/Library/PrivateFrameworks/StorageManagement.framework/Versions/A/StorageManagement
0x00000001ce226000 	/usr/lib/libauthinstall.dylib
0x00000001be89c000 	/System/Library/PrivateFrameworks/InstallerDiagnostics.framework/Versions/A/InstallerDiagnostics
0x00000001ce8e3000 	/usr/lib/libcrypto.42.dylib
0x000000029146f000 	/usr/lib/updaters/libAppleTconUARPUpdater.dylib
0x0000000291604000 	/usr/lib/updaters/libT200Updater.dylib
0x00000001be881000 	/System/Library/PrivateFrameworks/GPUInfo.framework/Versions/A/GPUInfo
0x00000001cceb0000 	/System/Library/PrivateFrameworks/MobileActivationMacOS.framework/Versions/A/MobileActivationMacOS
0x00000001b0968000 	/System/Library/PrivateFrameworks/AccountsDaemon.framework/Versions/A/AccountsDaemon
0x00000001be8df000 	/System/Library/PrivateFrameworks/AOSKit.framework/Versions/A/AOSKit
0x000000019cffd000 	/System/Library/PrivateFrameworks/AppSSOCore.framework/Versions/A/AppSSOCore
0x000000024177d000 	/System/Library/PrivateFrameworks/BackgroundSystemTasks.framework/Versions/A/BackgroundSystemTasks
0x00000001a8cca000 	/System/Library/PrivateFrameworks/DuetActivityScheduler.framework/Versions/A/DuetActivityScheduler
0x00000001cb3e3000 	/System/Library/PrivateFrameworks/NetworkServiceProxy.framework/Versions/A/NetworkServiceProxy
0x00000001a3f0c000 	/usr/lib/libnetworkextension.dylib
0x000000027dc43000 	/System/Library/PrivateFrameworks/Symptoms.framework/Versions/A/Frameworks/SymptomAnalytics.framework/Versions/A/SymptomAnalytics
0x00000001a0a1b000 	/System/Library/Frameworks/NetworkExtension.framework/Versions/A/NetworkExtension
0x00000001a73e4000 	/System/Library/PrivateFrameworks/CoreDuetContext.framework/Versions/A/CoreDuetContext
0x0000000191a4c000 	/System/Library/PrivateFrameworks/CoreDuet.framework/Versions/A/CoreDuet
0x00000001ac202000 	/System/Library/PrivateFrameworks/AssistantServices.framework/Versions/A/AssistantServices
0x00000001a63ca000 	/System/Library/PrivateFrameworks/SAObjects.framework/Versions/A/SAObjects
0x00000001abde8000 	/System/Library/PrivateFrameworks/MediaRemote.framework/Versions/A/MediaRemote
0x000000027a4b9000 	/System/Library/PrivateFrameworks/SiriTTSService.framework/Versions/A/SiriTTSService
0x0000000274bb1000 	/System/Library/PrivateFrameworks/SiriCrossDeviceArbitration.framework/Versions/A/SiriCrossDeviceArbitration
0x000000024d5d0000 	/System/Library/PrivateFrameworks/FaceTimeNameUtility.framework/Versions/A/FaceTimeNameUtility
0x0000000274c05000 	/System/Library/PrivateFrameworks/SiriCrossDeviceArbitrationFeedback.framework/Versions/A/SiriCrossDeviceArbitrationFeedback
0x00000001cd738000 	/System/Library/PrivateFrameworks/UIKitServices.framework/Versions/A/UIKitServices
0x00000001b11f8000 	/System/Library/PrivateFrameworks/MediaServices.framework/Versions/A/MediaServices
0x000000019d447000 	/System/Library/PrivateFrameworks/PersistentConnection.framework/Versions/A/PersistentConnection
0x000000027bda3000 	/System/Library/PrivateFrameworks/SonicFoundation.framework/Versions/A/SonicFoundation
0x00000001c0e05000 	/usr/lib/libtailspin.dylib
0x00000001d4e71000 	/System/Library/PrivateFrameworks/Osprey.framework/Versions/A/Osprey
0x0000000279b39000 	/System/Library/PrivateFrameworks/SiriTTS.framework/Versions/A/SiriTTS
0x00000002786f8000 	/System/Library/PrivateFrameworks/SiriPowerInstrumentation.framework/Versions/A/SiriPowerInstrumentation
0x000000027e42b000 	/System/Library/PrivateFrameworks/TailspinSymbolication.framework/Versions/A/TailspinSymbolication
0x000000024b926000 	/System/Library/PrivateFrameworks/Darwinup.framework/Versions/A/Darwinup
0x00000001cd541000 	/System/Library/PrivateFrameworks/SignpostSupport.framework/Versions/A/SignpostSupport
0x00000001b8e40000 	/System/Library/PrivateFrameworks/FeatureFlagsSupport.framework/Versions/A/FeatureFlagsSupport
0x00000001ccc01000 	/System/Library/PrivateFrameworks/ktrace.framework/Versions/A/ktrace
0x00000001cd770000 	/System/Library/PrivateFrameworks/SampleAnalysis.framework/Versions/A/SampleAnalysis
0x00000001d670a000 	/System/Library/PrivateFrameworks/kperfdata.framework/Versions/A/kperfdata
0x00000001a1c3d000 	/usr/lib/libdscsym.dylib
0x00000001d6bdf000 	/System/Library/PrivateFrameworks/BulkSymbolication.framework/Versions/A/BulkSymbolication
0x00000001a9e18000 	/System/Library/PrivateFrameworks/CoreDuetDaemonProtocol.framework/Versions/A/CoreDuetDaemonProtocol
0x00000001be1ad000 	/System/Library/PrivateFrameworks/CaptiveNetwork.framework/Versions/A/CaptiveNetwork
0x00000001a8211000 	/System/Library/PrivateFrameworks/EAP8021X.framework/Versions/A/EAP8021X
0x000000024b6eb000 	/System/Library/PrivateFrameworks/CryptoKitPrivate.framework/Versions/A/CryptoKitPrivate
0x00000001b8410000 	/System/Library/PrivateFrameworks/FindMyDevice.framework/Versions/A/FindMyDevice
0x00000001aca12000 	/System/Library/PrivateFrameworks/FMCoreLite.framework/Versions/A/FMCoreLite
0x000000019aa6e000 	/System/Library/Frameworks/ServiceManagement.framework/Versions/A/ServiceManagement
0x00000001bfd20000 	/System/Library/Frameworks/Accelerate.framework/Versions/A/Frameworks/vImage.framework/Versions/A/Libraries/libCGInterfaces.dylib
0x0000000127000000 	/System/Library/Extensions/AGXMetalG15G_C0.bundle/Contents/MacOS/AGXMetalG15G_C0
0x00000001b1092000 	/System/Library/PrivateFrameworks/IOGPU.framework/Versions/A/IOGPU
0x000000023192c000 	/System/Library/Frameworks/OpenGL.framework/Versions/A/Resources/GLEngine.bundle/GLEngine
0x00000002317cc000 	/System/Library/Frameworks/OpenGL.framework/Versions/A/Libraries/libGLProgrammability.dylib
0x000000012042c000 	/System/Library/Extensions/AppleMetalOpenGLRenderer.bundle/Contents/MacOS/AppleMetalOpenGLRenderer
0x0000000231a8a000 	/System/Library/Frameworks/OpenGL.framework/Versions/A/Resources/GLRendererFloat.bundle/GLRendererFloat
0x000000027ec45000 	/System/Library/PrivateFrameworks/TextInputUI.framework/Versions/A/TextInputUI
0x000000027ec7b000 	/System/Library/PrivateFrameworks/TextInputUIMacHelper.framework/Versions/A/TextInputUIMacHelper
0x0000000126724000 	/Users/noalev/Documents/curseforge/minecraft/Install/natives/forge-47.4.10/liblwjgl_opengl.dylib
0x0000000127b88000 	/Users/noalev/Documents/curseforge/minecraft/Install/natives/forge-47.4.10/liblwjgl_stb.dylib
0x00000001c334b000 	/System/Library/PrivateFrameworks/SafariPlatformSupport.framework/Versions/A/SafariPlatformSupport


VM Arguments:
jvm_args: -Xss1M -Djava.library.path=/Users/noalev/Documents/curseforge/minecraft/Install/natives/forge-47.4.10 -Djna.tmpdir=/Users/noalev/Documents/curseforge/minecraft/Install/natives/forge-47.4.10 -Dorg.lwjgl.system.SharedLibraryExtractPath=/Users/noalev/Documents/curseforge/minecraft/Install/natives/forge-47.4.10 -Dio.netty.native.workdir=/Users/noalev/Documents/curseforge/minecraft/Install/natives/forge-47.4.10 -Dminecraft.launcher.brand=CurseForge -Dminecraft.launcher.version=1.321.1.39714 -Djava.net.preferIPv6Addresses=system -DignoreList=bootstraplauncher,securejarhandler,asm-commons,asm-util,asm-analysis,asm-tree,asm,JarJarFileSystems,client-extra,fmlcore,javafmllanguage,lowcodelanguage,mclanguage,forge-,forge-47.4.10.jar,forge-47.4.10 -DmergeModules=jna-5.10.0.jar,jna-platform-5.10.0.jar -DlibraryDirectory=/Users/noalev/Documents/curseforge/minecraft/Install/libraries --module-path=/Users/noalev/Documents/curseforge/minecraft/Install/libraries/cpw/mods/bootstraplauncher/1.1.2/bootstraplauncher-1.1.2.jar:/Users/noalev/Documents/curseforge/minecraft/Install/libraries/cpw/mods/securejarhandler/2.1.10/securejarhandler-2.1.10.jar:/Users/noalev/Documents/curseforge/minecraft/Install/libraries/org/ow2/asm/asm-commons/9.8/asm-commons-9.8.jar:/Users/noalev/Documents/curseforge/minecraft/Install/libraries/org/ow2/asm/asm-util/9.8/asm-util-9.8.jar:/Users/noalev/Documents/curseforge/minecraft/Install/libraries/org/ow2/asm/asm-analysis/9.8/asm-analysis-9.8.jar:/Users/noalev/Documents/curseforge/minecraft/Install/libraries/org/ow2/asm/asm-tree/9.8/asm-tree-9.8.jar:/Users/noalev/Documents/curseforge/minecraft/Install/libraries/org/ow2/asm/asm/9.8/asm-9.8.jar:/Users/noalev/Documents/curseforge/minecraft/Install/libraries/net/minecraftforge/JarJarFileSystems/0.3.19/JarJarFileSystems-0.3.19.jar --add-modules=ALL-MODULE-PATH --add-opens=java.base/java.util.jar=cpw.mods.securejarhandler --add-opens=java.base/java.lang.invoke=cpw.mods.securejarhandler --add-exports=java.base/sun.security.util=cpw.mods.securejarhandler --add-exports=jdk.naming.dns/com.sun.jndi.dns=java.naming -Xmx7040m -Xms256m -Dfml.ignorePatchDiscrepancies=true -Dfml.ignoreInvalidMinecraftCertificates=true -DlibraryDirectory=/Users/noalev/Documents/curseforge/minecraft/Install/libraries -Duser.language=en -DCFInstanceId=4e5d9d01-2855-48fd-a8c1-a9d617210f80 -Dlog4j.configurationFile=/Users/noalev/Documents/curseforge/minecraft/Install/assets/log_configs/client-1.12.xml 
java_command: cpw.mods.bootstraplauncher.BootstrapLauncher --username soldierdonkey --version forge-47.4.10 --gameDir /Users/noalev/Documents/curseforge/minecraft/Instances/Winterheart/ --assetsDir /Users/noalev/Documents/curseforge/minecraft/Install/assets --assetIndex 5 --uuid f3ab27d11800461c87762835eeaae4ab --accessToken eyJraWQiOiIwNDkxODEiLCJhbGciOiJSUzI1NiJ9.eyJ4dWlkIjoiMjUzNTQ1ODgxNDcyMTAyMyIsImFnZyI6IkFkdWx0Iiwic3ViIjoiY2Q5ZGQxZTYtOWViZC00ZWJmLTgwMmItM2Q1NTJhNTA2Yzc2IiwiYXV0aCI6IlhCT1giLCJwZmlkIjoiOUYwRkFFQzhGNzM1RjdGQSIsIm5zIjoiZGVmYXVsdCIsInJvbGVzIjpbXSwiaXNzIjoiYXV0aGVudGljYXRpb24iLCJmbGFncyI6WyJtdWx0aXBsYXllciJdLCJwcm9maWxlcyI6eyJtYyI6ImYzYWIyN2QxLTE4MDAtNDYxYy04Nzc2LTI4MzVlZWFhZTRhYiJ9LCJtaWQiOiI5RjBGQUVDOEY3MzVGN0ZBIiwicG1pZCI6ImE4NTIyMjE0LWI4YTktNTBjZi1hNjE4LTNlNmE5ZTUwOWZjNCIsInBsYXRmb3JtIjoiUENfTEFVTkNIRVIiLCJ0aWQiOiJFOTlCMCIsInBmZCI6W3sidHlwZSI6Im1jIiwiaWQiOiJmM2FiMjdkMS0xODAwLTQ2MWMtODc3Ni0yODM1ZWVhYWU0YWIiLCJuYW1lIjoic29sZGllcmRvbmtleSJ9XSwieGlkIjoiMjUzNTQ1ODgxNDcyMTAyMyIsIm5iZiI6MTc5MDQ1MDE3OSwiZXhwIjoxNzkwNTM2NTc5LCJpYXQiOjE3OTA0NTAxNzksImFpZCI6ImQ1YjJlMDc5LTJjMmMtNGFkZS05ZGFiLTFjMWViMjA0MTYyYSJ9.GRDUWv40TtU6CHMajL-4oOJHJMwfLVvaeNCsYJ_Nk2ntMSluns--YPPpTjtpMQRY5mx6Z3rlU2i6kqLccX2eA_X0OJCLIJXHyEl7VM-hKF-9ol4PELH3caZFycWyswIB-nuFt4-t4siOOJ25HVX8X9MKmbaOrYJSlHC-NPZS0DiWhFmBQPPTwgB1fTEbSFEefCh5QDlbBFNDbvolkWTkrHZG8RWSskLJcLH6-H2xw2c36Tw0MtxBFYuT5kzpEU0-JRhWjIW08IM_-fQlDc-r6fG3qrIFI-2l6QJz66WkCFJCW8nECIpkOxiy5QnfKWdJnDE1p6e9h7BNyw5epCdPeQ --clientId ce5e85-433f01-c5e153-13c0ea-40e8c8 --xuid 2535458814721023 --userType msa --versionType release --width 1024 --height 768 --quickPlayPath /Users/noalev/Documents/curseforge/minecraft/Quickplay/4e5d9d01-2855-48fd-a8c1-a9d617210f80.json    --launchTarget forgeclient --fml.forgeVersion 47.4.10 --fml.mcVersion 1.20.1 --fml.forgeGroup net.minecraftforge --fml.mcpVersion 20230612.114412
java_class_path (initial): /Users/noalev/Documents/curseforge/minecraft/Install/libraries/cpw/mods/securejarhandler/2.1.10/securejarhandler-2.1.10.jar:/Users/noalev/Documents/curseforge/minecraft/Install/libraries/org/ow2/asm/asm/9.8/asm-9.8.jar:/Users/noalev/Documents/curseforge/minecraft/Install/libraries/org/ow2/asm/asm-commons/9.8/asm-commons-9.8.jar:/Users/noalev/Documents/curseforge/minecraft/Install/libraries/org/ow2/asm/asm-tree/9.8/asm-tree-9.8.jar:/Users/noalev/Documents/curseforge/minecraft/Install/libraries/org/ow2/asm/asm-util/9.8/asm-util-9.8.jar:/Users/noalev/Documents/curseforge/minecraft/Install/libraries/org/ow2/asm/asm-analysis/9.8/asm-analysis-9.8.jar:/Users/noalev/Documents/curseforge/minecraft/Install/libraries/net/minecraftforge/accesstransformers/8.0.4/accesstransformers-8.0.4.jar:/Users/noalev/Documents/curseforge/minecraft/Install/libraries/org/antlr/antlr4-runtime/4.9.1/antlr4-runtime-4.9.1.jar:/Users/noalev/Documents/curseforge/minecraft/Install/libraries/net/minecraftforge/eventbus/6.0.5/eventbus-6.0.5.jar:/Users/noalev/Documents/curseforge/minecraft/Install/libraries/net/minecraftforge/forgespi/7.0.1/forgespi-7.0.1.jar:/Users/noalev/Documents/curseforge/minecraft/Install/libraries/net/minecraftforge/coremods/5.2.4/coremods-5.2.4.jar:/Users/noalev/Documents/curseforge/minecraft/Install/libraries/cpw/mods/modlauncher/10.0.9/modlauncher-10.0.9.jar:/Users/noalev/Documents/curseforge/minecraft/Install/libraries/net/minecraftforge/unsafe/0.2.0/unsafe-0.2.0.jar:/Users/noalev/Documents/curseforge/minecraft/Install/libraries/net/minecraftforge/mergetool/1.1.5/mergetool-1.1.5-api.jar:/Users/noalev/Documents/curseforge/minecraft/Install/libraries/com/electronwill/night-config/core/3.6.4/core-3.6.4.jar:/Users/noalev/Documents/curseforge/minecraft/Install/libraries/com/electronwill/night-config/toml/3.6.4/toml-3.6.4.jar:/Users/noalev/Documents/curseforge/minecraft/Install/libraries/org/apache/maven/maven-artifact/3.8.5/maven-artifact-3.8.5.jar:/Us
Launcher Type: SUN_STANDARD

[Global flags]
     intx CICompilerCount                          = 4                                         {product} {ergonomic}
     uint ConcGCThreads                            = 2                                         {product} {ergonomic}
     uint G1ConcRefinementThreads                  = 8                                         {product} {ergonomic}
   size_t G1HeapRegionSize                         = 4194304                                   {product} {ergonomic}
    uintx GCDrainStackTargetSize                   = 64                                        {product} {ergonomic}
   size_t InitialHeapSize                          = 268435456                                 {product} {command line}
   size_t MarkStackSize                            = 4194304                                   {product} {ergonomic}
   size_t MaxHeapSize                              = 7381975040                                {product} {command line}
   size_t MaxNewSize                               = 4429185024                                {product} {ergonomic}
   size_t MinHeapDeltaBytes                        = 4194304                                   {product} {ergonomic}
   size_t MinHeapSize                              = 268435456                                 {product} {command line}
    uintx NonNMethodCodeHeapSize                   = 5839564                                {pd product} {ergonomic}
    uintx NonProfiledCodeHeapSize                  = 122909338                              {pd product} {ergonomic}
    uintx ProfiledCodeHeapSize                     = 122909338                              {pd product} {ergonomic}
    uintx ReservedCodeCacheSize                    = 251658240                              {pd product} {ergonomic}
     bool SegmentedCodeCache                       = true                                      {product} {ergonomic}
   size_t SoftMaxHeapSize                          = 7381975040                             {manageable} {ergonomic}
     intx ThreadStackSize                          = 1024                                   {pd product} {command line}
     bool UseCompressedClassPointers               = true                           {product lp64_product} {ergonomic}
     bool UseCompressedOops                        = true                           {product lp64_product} {ergonomic}
     bool UseG1GC                                  = true                                      {product} {ergonomic}
     bool UseNUMA                                  = false                                     {product} {ergonomic}
     bool UseNUMAInterleaving                      = false                                     {product} {ergonomic}

Logging:
Log output configuration:
 #0: stdout all=warning uptime,level,tags
 #1: stderr all=off uptime,level,tags

Environment Variables:
PATH=/usr/bin:/bin:/usr/sbin:/sbin
SHELL=/bin/zsh
TMPDIR=/var/folders/vb/kpnmjzq174n43_z4dzhv6mrr0000gq/T/

Active Locale:
LC_ALL=C
LC_COLLATE=C
LC_CTYPE=C
LC_MESSAGES=C
LC_MONETARY=C
LC_NUMERIC=C
LC_TIME=C

Signal Handlers:
   SIGSEGV: crash_handler in libjvm.dylib, mask=11100110000111110111111111111111, flags=SA_RESTART|SA_SIGINFO, unblocked
    SIGBUS: crash_handler in libjvm.dylib, mask=11100110000111110111111111111111, flags=SA_RESTART|SA_SIGINFO, unblocked
    SIGFPE: crash_handler in libjvm.dylib, mask=11100110000111110111111111111111, flags=SA_RESTART|SA_SIGINFO, unblocked
   SIGPIPE: javaSignalHandler in libjvm.dylib, mask=11100110000111110111111111111111, flags=SA_RESTART|SA_SIGINFO, blocked
   SIGXFSZ: javaSignalHandler in libjvm.dylib, mask=11100110000111110111111111111111, flags=SA_RESTART|SA_SIGINFO, blocked
    SIGILL: crash_handler in libjvm.dylib, mask=11100110000111110111111111111111, flags=SA_RESTART|SA_SIGINFO, unblocked
   SIGUSR2: SR_handler in libjvm.dylib, mask=00000000000000000000000000000000, flags=SA_RESTART|SA_SIGINFO, blocked
    SIGHUP: UserHandler in libjvm.dylib, mask=11100110000111110111111111111111, flags=SA_RESTART|SA_SIGINFO, blocked
    SIGINT: UserHandler in libjvm.dylib, mask=11100110000111110111111111111111, flags=SA_RESTART|SA_SIGINFO, blocked
   SIGTERM: UserHandler in libjvm.dylib, mask=11100110000111110111111111111111, flags=SA_RESTART|SA_SIGINFO, blocked
   SIGQUIT: UserHandler in libjvm.dylib, mask=11100110000111110111111111111111, flags=SA_RESTART|SA_SIGINFO, blocked
   SIGTRAP: crash_handler in libjvm.dylib, mask=11100110000111110111111111111111, flags=SA_RESTART|SA_SIGINFO, unblocked


---------------  S Y S T E M  ---------------

OS:
uname: Darwin 25.6.0 Darwin Kernel Version 25.6.0: Fri Jul 31 19:18:29 PDT 2026; root:xnu-12377.161.14~5/RELEASE_ARM64_T8122 arm64
OS uptime: 23 days 12:38 hours
rlimit (soft/hard): STACK 8176k/65520k , CORE 0k/infinity , NPROC 2666/4000 , NOFILE 10240/infinity , AS infinity/infinity , CPU infinity/infinity , DATA infinity/infinity , FSIZE infinity/infinity , MEMLOCK infinity/infinity , RSS infinity/infinity
load average: 13.46 8.77 7.95

CPU: total 8 (initial active 8) 0x61:0x0:0xfa33415e:0, fp, simd, crc, lse
machdep.cpu.brand_string:Apple M3
hw.cachelinesize:128
hw.l1icachesize:131072
hw.l1dcachesize:65536
hw.l2cachesize:4194304

Memory: 16k page, physical 16777216k(136080k free), swap 4194304k(1106176k free)

vm_info: OpenJDK 64-Bit Server VM (17.0.8+7) for bsd-aarch64 JRE (17.0.8+7), built on Jul 18 2023 20:57:52 by "admin" with clang Apple LLVM 12.0.0 (clang-1200.0.32.29)

END.
